.22 LR Rounds|Ammo_22|https://db.mydayz.eu/wp-content/uploads/2025/07/Ammo_22.png|1|Ammunition|0
.308 Suppressor|308-Suppressor|https://db.mydayz.eu/wp-content/uploads/2025/08/308-Suppressor.png|10|Muzzle|1
.308 WIN Rounds|Ammo_308Win|https://db.mydayz.eu/wp-content/uploads/2025/07/Ammo_308Win.png|1|Ammunition|0
.308 WIN Tracer Rounds|Ammo_308WinTracer|https://db.mydayz.eu/wp-content/uploads/2025/07/Ammo_308WinTracer.png|1|Ammunition|0
.338 Lapua Tracer|338-Lapua-Tracer|https://db.mydayz.eu/wp-content/uploads/2025/08/338-Lapua-Tracer.png|1|Ammunition|1
.357 Rounds|Ammo_357|https://db.mydayz.eu/wp-content/uploads/2025/08/Ammo_357.png|1|Ammunition|0
.380 ACP Rounds|Ammo_380|https://db.mydayz.eu/wp-content/uploads/2025/07/Ammo_380.png|1|Ammunition|0
.45 ACP Rounds|Ammo_45ACP|https://db.mydayz.eu/wp-content/uploads/2025/07/Ammo_45ACP.png|1|Ammunition|0
.50 BMG|50-BMG|https://db.mydayz.eu/wp-content/uploads/2025/08/50-BMG.png|1|Ammunition|1
.50 BMG Tracer|50-BMG-Tracer|https://db.mydayz.eu/wp-content/uploads/2025/08/50-BMG-Tracer.png|1|Ammunition|1
10 Round SVT-40 Mag|10-Round-SVT-40-Mag|https://db.mydayz.eu/wp-content/uploads/2025/08/10-Round-SVT-40-Mag.png|1|Magazine|1
100Rnd MK48 box|100Rnd-MK48-box|https://db.mydayz.eu/wp-content/uploads/2025/08/100Rnd-MK48-box.png|1|Magazine|1
10rd CR-550 Mag|Mag_CZ550_10rnd|https://db.mydayz.eu/wp-content/uploads/2025/07/Mag_CZ550_10rnd.png|1|Magazine|0
10rd DMR Mag|Mag_M14_10Rnd|https://db.mydayz.eu/wp-content/uploads/2025/07/Mag_M14_10Rnd.png|1|Magazine|0
10rd Mag-C Mag|Mag_CMAG_10Rnd|https://db.mydayz.eu/wp-content/uploads/2025/07/Mag_CMAG_10Rnd.png|1|Magazine|0
10rd MK II Mag|Mag_MKII_10Rnd|https://db.mydayz.eu/wp-content/uploads/2025/07/Mag_MKII_10Rnd.png|1|Magazine|0
10rd SK 59/66 Clip|Mag_CLIP762x39_10Rnd|https://db.mydayz.eu/wp-content/uploads/2025/07/Mag_CLIP762x39_10Rnd.png|1|Magazine|0
10rd Sporter 22 Mag|Mag_Ruger1022_10Rnd|https://db.mydayz.eu/wp-content/uploads/2025/07/Mag_Ruger1022_10Rnd.png|1|Magazine|0
10rd VSD Mag|Mag_SVD_10Rnd|https://db.mydayz.eu/wp-content/uploads/2025/07/Mag_SVD_10Rnd.png|1|Magazine|0
10rd VSS Mag|Mag_VSS_10Rnd|https://db.mydayz.eu/wp-content/uploads/2025/07/Mag_VSS_10Rnd.png|1|Magazine|0
10rnd VS-89 Mag|Mag_SV98_10Rnd|https://db.mydayz.eu/wp-content/uploads/2025/08/Mag_SV98_10Rnd.png|1|Magazine|0
12ga 00 Buckshots|Ammo_12gaPellets|https://db.mydayz.eu/wp-content/uploads/2025/07/Ammo_12gaPellets.png|1|Ammunition|0
12ga Rifled Slugs|Ammo_12gaSlug|https://db.mydayz.eu/wp-content/uploads/2025/07/Ammo_12gaSlug.png|1|Ammunition|0
12ga Rubber Slugs|Ammo_12gaRubberSlug|https://db.mydayz.eu/wp-content/uploads/2025/07/Ammo_12gaRubberSlug.png|1|Ammunition|0
12rd IJ-70 Mag|Mag_IJ70_8Rnd|https://db.mydayz.eu/wp-content/uploads/2025/07/Mag_IJ70_8Rnd.png|1|Magazine|0
15rd CR-75 Mag|Mag_CZ75_15Rnd|https://db.mydayz.eu/wp-content/uploads/2025/07/Mag_CZ75_15Rnd.png|1|Magazine|0
15rd FX-45 Mag|Mag_FNX45_15Rnd|https://db.mydayz.eu/wp-content/uploads/2025/07/Mag_FNX45_15Rnd.png|1|Magazine|0
15rd Mlock-91 Mag|Mag_Glock_15Rnd|https://db.mydayz.eu/wp-content/uploads/2025/07/Mag_Glock_15Rnd.png|1|Magazine|0
15rd RAK-37 Mag|Mag_PM73_15Rnd|https://db.mydayz.eu/wp-content/uploads/2025/07/Mag_PM73_15Rnd.png|1|Magazine|0
15rd SG5-K Mag|Mag_MP5_15Rnd|https://db.mydayz.eu/wp-content/uploads/2025/07/Mag_MP5_15Rnd.png|1|Magazine|0
15rd Sporter 22 Mag|Mag_Ruger1022_15Rnd|https://db.mydayz.eu/wp-content/uploads/2025/07/Mag_Ruger1022_15Rnd.png|1|Magazine|0
1PN51 Scope|KazuarOptic|https://db.mydayz.eu/wp-content/uploads/2025/07/KazuarOptic.png|10|Optics|0
20rd CR-61 Mag|Mag_CZ61_20Rnd|https://db.mydayz.eu/wp-content/uploads/2025/07/Mag_CZ61_20Rnd.png|1|Magazine|0
20rd DMR Mag|Mag_M14_20Rnd|https://db.mydayz.eu/wp-content/uploads/2025/07/Mag_M14_20Rnd.png|1|Magazine|0
20rd Drum Vaiga Mag|Mag_Saiga_Drum20Rnd|https://db.mydayz.eu/wp-content/uploads/2025/07/Mag_Saiga_Drum20Rnd.png|1|Magazine|0
20rd LAR Mag|Mag_FAL_20Rnd|https://db.mydayz.eu/wp-content/uploads/2025/07/Mag_FAL_20Rnd.png|1|Magazine|0
20rd Mag-C Mag|Mag_CMAG_20Rnd|https://db.mydayz.eu/wp-content/uploads/2025/07/Mag_CMAG_20Rnd.png|1|Magazine|0
20rd SVAL Mag|Mag_VAL_20Rnd|https://db.mydayz.eu/wp-content/uploads/2025/07/Mag_VAL_20Rnd.png|1|Magazine|0
25rd LE-MAS Mag|Mag_FAMAS_25Rnd|https://db.mydayz.eu/wp-content/uploads/2025/07/Mag_FAMAS_25Rnd.png|1|Magazine|0
25rd RAK-37 Mag|Mag_PM73_25Rnd|https://db.mydayz.eu/wp-content/uploads/2025/07/Mag_PM73_25Rnd.png|1|Magazine|0
25rd USG-45 Mag|Mag_UMP_25Rnd|https://db.mydayz.eu/wp-content/uploads/2025/07/Mag_UMP_25Rnd.png|1|Magazine|0
3-Dial Combination Lock|CombinationLock|https://db.mydayz.eu/wp-content/uploads/2025/07/CombinationLock.png|4|Camping|0
30rd AUR Mag|Mag_Aug_30Rnd|https://db.mydayz.eu/wp-content/uploads/2025/07/Mag_Aug_30Rnd.png|1|Magazine|0
30rd Coupled Standardized Mag|Mag_STANAGCoupled_30Rnd|https://db.mydayz.eu/wp-content/uploads/2025/07/Mag_STANAGCoupled_30Rnd.png|1|Magazine|0
30rd KA-101 Mag|Mag_AK101_30Rnd|https://db.mydayz.eu/wp-content/uploads/2025/07/Mag_AK101_30Rnd.png|1|Magazine|0
30rd KA-74 Mag|Mag_AK74_30Rnd|https://db.mydayz.eu/wp-content/uploads/2025/07/Mag_AK74_30Rnd.png|1|Magazine|0
30rd KA-M Mag|Mag_AKM_30Rnd|https://db.mydayz.eu/wp-content/uploads/2025/07/Mag_AKM_30Rnd.png|1|Magazine|0
30rd KA-M Polymer Mag|Mag_AKM_Palm30Rnd|https://db.mydayz.eu/wp-content/uploads/2025/07/Mag_AKM_Palm30Rnd.png|1|Magazine|0
30rd Mag-C Mag|Mag_CMAG_30Rnd|https://db.mydayz.eu/wp-content/uploads/2025/07/Mag_CMAG_30Rnd.png|1|Magazine|0
30rd SG5-K Mag|Mag_MP5_30Rnd|https://db.mydayz.eu/wp-content/uploads/2025/07/Mag_MP5_30Rnd.png|1|Magazine|0
30rd Sporter 22 Mag|Mag_Ruger1022_30Rnd|https://db.mydayz.eu/wp-content/uploads/2025/07/Mag_Ruger1022_30Rnd.png|1|Magazine|0
30rd Standardized Mag|Mag_STANAG_30Rnd|https://db.mydayz.eu/wp-content/uploads/2025/07/Mag_STANAG_30Rnd.png|1|Magazine|0
30rd Vikhr Mag|Mag_Vikhr_30Rnd|https://db.mydayz.eu/wp-content/uploads/2025/07/Mag_Vikhr_30Rnd.png|1|Magazine|0
4-Dial Combination Lock|CombinationLock4|https://db.mydayz.eu/wp-content/uploads/2025/07/CombinationLock4.png|4|Camping|0
40mm Explosive Grenade|Ammo_40mm_Explosive|https://db.mydayz.eu/wp-content/uploads/2025/07/Ammo_40mm_Explosive.png|1|Ammunition|0
40mm PO-X Grenade|Ammo_40mm_ChemGas|https://db.mydayz.eu/wp-content/uploads/2025/07/Ammo_40mm_ChemGas.png|1|Ammunition|0
40mm Smoke Grenade|Ammo_40mm_Smoke_Black|https://db.mydayz.eu/wp-content/uploads/2025/07/Ammo_40mm_Smoke_Black.png|1|Ammunition|0
40rd Mag-C Mag|Mag_CMAG_40Rnd|https://db.mydayz.eu/wp-content/uploads/2025/07/Mag_CMAG_40Rnd.png|1|Magazine|0
45rd KA-74 Mag|Mag_AK74_45Rnd|https://db.mydayz.eu/wp-content/uploads/2025/07/Mag_AK74_45Rnd.png|1|Magazine|0
5.45x39mm Rounds|Ammo_545x39|https://db.mydayz.eu/wp-content/uploads/2025/07/Ammo_545x39.png|1|Ammunition|0
5.45x39mm Tracer Rounds|Ammo_545x39Tracer|https://db.mydayz.eu/wp-content/uploads/2025/07/Ammo_545x39Tracer.png|1|Ammunition|0
5.56x45mm Rounds|Ammo_556x45|https://db.mydayz.eu/wp-content/uploads/2025/07/Ammo_556x45.png|1|Ammunition|0
5.56x45mm Tracer Rounds|Ammo_556x45Tracer|https://db.mydayz.eu/wp-content/uploads/2025/07/Ammo_556x45Tracer.png|1|Ammunition|0
5rd CR-527 Mag|Mag_CZ527_5rnd|https://db.mydayz.eu/wp-content/uploads/2025/07/Mag_CZ527_5rnd.png|1|Magazine|0
5rd Mosin 91/30 Clip|Mag_CLIP762x54_5Rnd|https://db.mydayz.eu/wp-content/uploads/2025/07/Mag_CLIP762x54_5Rnd.png|1|Magazine|0
5rd Pioneer Mag|Mag_Scout_5Rnd|https://db.mydayz.eu/wp-content/uploads/2025/07/Mag_Scout_5Rnd.png|1|Magazine|0
5rd SSG 82 Mag|Mag_SSG82_5rnd|https://db.mydayz.eu/wp-content/uploads/2025/07/Mag_SSG82_5rnd.png|1|Magazine|0
5rd Vaiga Mag|Mag_Saiga_5Rnd|https://db.mydayz.eu/wp-content/uploads/2025/07/Mag_Saiga_5Rnd.png|1|Magazine|0
60rd Standardized Mag|Mag_STANAG_60Rnd|https://db.mydayz.eu/wp-content/uploads/2025/07/Mag_STANAG_60Rnd.png|1|Magazine|0
64rd Bizon Mag|Mag_PP19_64Rnd|https://db.mydayz.eu/wp-content/uploads/2025/07/Mag_PP19_64Rnd.png|1|Magazine|0
7.62x39mm Rounds|Ammo_762x39|https://db.mydayz.eu/wp-content/uploads/2025/07/Ammo_762x39.png|1|Ammunition|0
7.62x39mm Tracer Rounds|Ammo_762x39Tracer|https://db.mydayz.eu/wp-content/uploads/2025/07/Ammo_762x39Tracer.png|1|Ammunition|0
7.62x54mmR Rounds|Ammo_762x54|https://db.mydayz.eu/wp-content/uploads/2025/07/Ammo_762x54.png|1|Ammunition|0
7.62x54mmR Tracer Rounds|Ammo_762x54Tracer|https://db.mydayz.eu/wp-content/uploads/2025/07/Ammo_762x54Tracer.png|1|Ammunition|0
7.92x57mm Mauser|7.92x57mm-Mauser|https://db.mydayz.eu/wp-content/uploads/2025/08/7.92x57mm-Mauser.png|1|Ammunition|1
7.92x57mm Mauser Tracer|7.92x57mm-Mauser-Tracer|https://db.mydayz.eu/wp-content/uploads/2025/08/7.92x57mm-Mauser-Tracer.png|1|Ammunition|1
75rd KA-M Drum Mag|Mag_AKM_Drum75Rnd|https://db.mydayz.eu/wp-content/uploads/2025/07/Mag_AKM_Drum75Rnd.png|1|Magazine|0
7rd Kolt 1911 Mag|Mag_1911_7Rnd|https://db.mydayz.eu/wp-content/uploads/2025/07/Mag_1911_7Rnd.png|1|Magazine|0
8rd P1 Mag|Mag_P1_8Rnd|https://db.mydayz.eu/wp-content/uploads/2025/07/Mag_P1_8Rnd.png|1|Magazine|0
8rd Vaiga Mag|Mag_Saiga_8Rnd|https://db.mydayz.eu/wp-content/uploads/2025/07/Mag_Saiga_8Rnd.png|1|Magazine|0
9A-91|9A-91|https://db.mydayz.eu/wp-content/uploads/2025/08/9A-91.png|0|Assault rifle|1
9A-91 Buttstock|9A-91-Buttstock|https://db.mydayz.eu/wp-content/uploads/2025/08/9A-91-Buttstock.png|10|Support|1
9A-91 Handguard|9A-91-Handguard|https://db.mydayz.eu/wp-content/uploads/2025/08/9A-91-Handguard.png|10|Support|1
9A-91 Mag 20Rnd|9A-91-Mag-20Rnd|https://db.mydayz.eu/wp-content/uploads/2025/08/9A-91-Mag-20Rnd.png|1|Magazine|1
9A91 Suppressor|9A91-Suppressor|https://db.mydayz.eu/wp-content/uploads/2025/08/9A91-Suppressor.png|10|Muzzle|1
9rd Deagle Mag|Mag_Deagle_9rnd|https://db.mydayz.eu/wp-content/uploads/2025/07/Mag_Deagle_9rnd.png|1|Magazine|0
9V Battery|Battery9V|https://db.mydayz.eu/wp-content/uploads/2025/07/Battery9V.png|4|Consumables|0
9x19mm Rounds|Ammo_9x19|https://db.mydayz.eu/wp-content/uploads/2025/07/Ammo_9x19.png|1|Ammunition|0
9x39mm Armor-Piercing Rounds|Ammo_9x39AP|https://db.mydayz.eu/wp-content/uploads/2025/07/Ammo_9x39AP.png|1|Ammunition|0
9x39mm Rounds|Ammo_9x39|https://db.mydayz.eu/wp-content/uploads/2025/07/Ammo_9x39.png|1|Ammunition|0
Ada 4×4|OffroadHatchback|https://db.mydayz.eu/wp-content/uploads/2025/07/OffroadHatchback.png|6|Wheeled|0
Ada 4×4 Hood|HatchbackHood|https://db.mydayz.eu/wp-content/uploads/2025/07/HatchbackHood.png|7|Vehicle Parts|0
Ada 4×4 Left Door|HatchbackDoors_Driver|https://db.mydayz.eu/wp-content/uploads/2025/07/HatchbackDoors_Driver.png|7|Vehicle Parts|0
Ada 4×4 Right Door|HatchbackDoors_CoDriver|https://db.mydayz.eu/wp-content/uploads/2025/07/HatchbackDoors_CoDriver.png|7|Vehicle Parts|0
Ada 4×4 Trunk Door|HatchbackTrunk|https://db.mydayz.eu/wp-content/uploads/2025/07/HatchbackTrunk.png|7|Vehicle Parts|0
Ada 4×4 Wheel|HatchbackWheel|https://db.mydayz.eu/wp-content/uploads/2025/07/HatchbackWheel.png|7|Vehicle Parts|0
AEK-971|AEK-971|https://db.mydayz.eu/wp-content/uploads/2025/08/AEK-971.png|0|Assault rifle|1
Afak|Afak|https://db.mydayz.eu/wp-content/uploads/2025/08/Afak.png|2|Medical|1
AI-2 Medkit|AI-2-Medkit|https://db.mydayz.eu/wp-content/uploads/2025/08/AI-2-Medkit.png|2|Medical|1
Ak 5C|AK-5c|https://db.mydayz.eu/wp-content/uploads/2025/08/AK-5c.png|0|Assault rifle|1
AK Flash Suppressor|AK-Flash-Suppressor|https://db.mydayz.eu/wp-content/uploads/2025/08/AK-Flash-Suppressor.png|10|Muzzle|1
AK-103|AK-103|https://db.mydayz.eu/wp-content/uploads/2025/08/AK-103.png|0|Assault rifle|1
AK-12|AK-12|https://db.mydayz.eu/wp-content/uploads/2025/08/AK-12.png|0|Assault rifle|1
AK-12 Handguard|AK-12-Handguard|https://db.mydayz.eu/wp-content/uploads/2025/08/AK-12-Handguard.png|10|Support|1
AK-12 OEButtstock|AK-12-OEButtstock|https://db.mydayz.eu/wp-content/uploads/2025/08/AK-12-OEButtstock.png|10|Support|1
AK-15|AK-15|https://db.mydayz.eu/wp-content/uploads/2025/08/AK-15.png|0|Assault rifle|1
Alarm Clock|AlarmClock_Green|https://db.mydayz.eu/wp-content/uploads/2025/07/AlarmClock_Green.png|4|Tools|0
Alcoholic Tincture|DisinfectantAlcohol|https://db.mydayz.eu/wp-content/uploads/2025/07/DisinfectantAlcohol.png|2|Medical|0
Ammo Box|AmmoBox|https://db.mydayz.eu/wp-content/uploads/2025/07/AmmoBox.png|4|Containers|0
Anniversary T-Shirt|TShirt_10thAnniversary|https://db.mydayz.eu/wp-content/uploads/2025/08/TShirt_10thAnniversary.png|11|Tops|0
Apple|Apple|https://db.mydayz.eu/wp-content/uploads/2025/07/Apple.png|3|Food|0
AR15|AR15|https://db.mydayz.eu/wp-content/uploads/2025/08/AR15.png|0|Assault rifle|1
Armband|Armband_Black|https://db.mydayz.eu/wp-content/uploads/2025/08/Armband_Black.png|11|Tops|0
Armored Hood|WitchHoodCoif_Black|https://db.mydayz.eu/wp-content/uploads/2025/08/WitchHoodCoif_Black.png|11|Headgear|0
Army Pouch|ArmyPouch_Black|https://db.mydayz.eu/wp-content/uploads/2025/08/ArmyPouch_Black.png|4|Backpacks|0
Assault Backpack|AssaultBag_Black|https://db.mydayz.eu/wp-content/uploads/2025/08/AssaultBag_Black.png|4|Backpacks|0
Assault Boots|MilitaryBoots_Black|https://db.mydayz.eu/wp-content/uploads/2025/08/MilitaryBoots_Black.png|11|Shoes|0
Assault Helmet|GorkaHelmet|https://db.mydayz.eu/wp-content/uploads/2025/08/GorkaHelmet.png|11|Headgear|0
Assault Helmet Visor|GorkaHelmetVisor|https://db.mydayz.eu/wp-content/uploads/2025/08/GorkaHelmetVisor.png|5|Crafting|0
Assault Vest|SmershVest|https://db.mydayz.eu/wp-content/uploads/2025/08/SmershVest.png|11|Vests|0
ATACR – 5-25x56mm F1|ATACR-–-5-25x56mm-F1|https://db.mydayz.eu/wp-content/uploads/2025/08/ATACR-–-5-25x56mm-F1.png|10|Optics|1
ATF Dingo 2|ATF-Dingo-2|https://db.mydayz.eu/wp-content/uploads/2025/08/ATF-Dingo-2.png|6|Wheeled|1
Athletic Shoes|AthleticShoes_Black|https://db.mydayz.eu/wp-content/uploads/2025/08/AthleticShoes_Black.png|11|Shoes|0
Athletic Sunglasses|SportGlasses_Black|https://db.mydayz.eu/wp-content/uploads/2025/08/SportGlasses_Black.png|11|Glasses|0
ATOG 4×32 Scope|ACOGOptic|https://db.mydayz.eu/wp-content/uploads/2025/07/ACOGOptic.png|10|Optics|0
ATOG 6×48 Scope|ACOGOptic_6x|https://db.mydayz.eu/wp-content/uploads/2025/07/ACOGOptic_6x.png|10|Optics|0
AUR A1|AugShort|https://db.mydayz.eu/wp-content/uploads/2025/08/AugShort.png|0|Assault rifle|0
AUR AX|Aug|https://db.mydayz.eu/wp-content/uploads/2025/08/Aug.png|0|Assault rifle|0
Aviator Sunglasses|AviatorGlasses|https://db.mydayz.eu/wp-content/uploads/2025/08/AviatorGlasses.png|11|Glasses|0
Backup Iron Sights|BUISOptic|https://db.mydayz.eu/wp-content/uploads/2025/07/BUISOptic.png|10|Optics|0
Balaclava|Balaclava3Holes_Black|https://db.mydayz.eu/wp-content/uploads/2025/08/Balaclava3Holes_Black.png|11|Masks|0
Ballistic Helmet|BallisticHelmet_Black|https://db.mydayz.eu/wp-content/uploads/2025/08/BallisticHelmet_Black.png|11|Headgear|0
Ballistic Vest|PressVest_Blue|https://db.mydayz.eu/wp-content/uploads/2025/08/PressVest_Blue.png|11|Vests|0
Bandage|BandageDressing|https://db.mydayz.eu/wp-content/uploads/2025/07/BandageDressing.png|2|Medical|0
Bandage Pack|Bandage-Pack|https://db.mydayz.eu/wp-content/uploads/2025/08/Bandage-Pack.png|2|Medical|1
Bandana|Bandana_RedPattern|https://db.mydayz.eu/wp-content/uploads/2025/08/Bandana_RedPattern.png|11|Headgear|0
Baraka Sights|ReflexOptic|https://db.mydayz.eu/wp-content/uploads/2025/07/ReflexOptic.png|10|Optics|0
Barbed Baseball Bat|BarbedBaseballBat|https://db.mydayz.eu/wp-content/uploads/2025/08/BarbedBaseballBat.png|9|Blunt|0
Barbed Wire|BarbedWire|https://db.mydayz.eu/wp-content/uploads/2025/07/BarbedWire.png|4|Camping|0
Barrel|Barrel_Green|https://db.mydayz.eu/wp-content/uploads/2025/07/Barrel_Green.png|4|Containers|0
Barrett M82|Barrett-M82|https://db.mydayz.eu/wp-content/uploads/2025/08/Barrett-M82.png|0|DMR|1
Baseball Bat|BaseballBat|https://db.mydayz.eu/wp-content/uploads/2025/08/BaseballBat.png|9|Blunt|0
Baseball Cap|BaseballCap_Black|https://db.mydayz.eu/wp-content/uploads/2025/08/BaseballCap_Black.png|11|Headgear|0
Battery Charger|BatteryCharger|https://db.mydayz.eu/wp-content/uploads/2025/07/BatteryCharger.png|4|Camping|0
BDU Jacket|BDUJacket|https://db.mydayz.eu/wp-content/uploads/2025/08/BDUJacket.png|11|Tops|0
BDU Pants|BDUPants|https://db.mydayz.eu/wp-content/uploads/2025/08/BDUPants.png|11|Pants|0
Beanie|BeanieHat_Black|https://db.mydayz.eu/wp-content/uploads/2025/08/BeanieHat_Black.png|11|Headgear|0
Bear Pelt|Bear-Pelt|https://db.mydayz.eu/wp-content/uploads/2025/07/Bear-Pelt.png|4|Consumables|0
Bear Steak|BearSteakMeat|https://db.mydayz.eu/wp-content/uploads/2025/07/BearSteakMeat.png|3|Food|0
Bear Trap|BearTrap|https://db.mydayz.eu/wp-content/uploads/2025/08/BearTrap.png|4|Traps|0
Beef Steak|CowSteakMeat|https://db.mydayz.eu/wp-content/uploads/2025/07/CowSteakMeat.png|3|Food|0
Belt|CivilianBelt|https://db.mydayz.eu/wp-content/uploads/2025/07/CivilianBelt.png|11|Belts|0
Benelli M4|Benelli-M4|https://db.mydayz.eu/wp-content/uploads/2025/08/Benelli-M4.png|0|Shotguns|1
Beret|MilitaryBeret_Red|https://db.mydayz.eu/wp-content/uploads/2025/08/MilitaryBeret_Red.png|11|Headgear|0
Beretta Magazine|Beretta-Magazine|https://db.mydayz.eu/wp-content/uploads/2025/08/Beretta-Magazine.png|1|Magazine|1
Beretta PX4 Storm|Beretta-PX4-Storm|https://db.mydayz.eu/wp-content/uploads/2025/08/Beretta-PX4-Storm.png|0|Pistols|1
Binoculars|Binoculars|https://db.mydayz.eu/wp-content/uploads/2025/07/Binoculars.png|4|Universal Optics|0
Birch Broom|Broom_Birch|https://db.mydayz.eu/wp-content/uploads/2025/07/Broom_Birch.png|4|Tools|0
Bitterlings|Bitterlings|https://db.mydayz.eu/wp-content/uploads/2025/07/Bitterlings.png|3|Food|0
Bizon|PP19|https://db.mydayz.eu/wp-content/uploads/2025/08/PP19.png|0|Sub Machine Gun|0
Bizon Lightweight Buttstock|PP19_Bttstck|https://db.mydayz.eu/wp-content/uploads/2025/07/PP19_Bttstck.png|10|Support|0
BK-12|Izh18Shotgun|https://db.mydayz.eu/wp-content/uploads/2025/08/Izh18Shotgun.png|0|Shotguns|0
BK-133|Mp133Shotgun|https://db.mydayz.eu/wp-content/uploads/2025/08/Mp133Shotgun.png|0|Shotguns|0
BK-18|Izh18|https://db.mydayz.eu/wp-content/uploads/2025/08/Izh18.png|0|Shotguns|0
BK-43|Izh43Shotgun|https://db.mydayz.eu/wp-content/uploads/2025/08/Izh43Shotgun.png|0|Shotguns|0
Blaze|B95|https://db.mydayz.eu/wp-content/uploads/2025/08/B95.png|0|Bolt Action|0
Blood Bag|BloodBagFull|https://db.mydayz.eu/wp-content/uploads/2025/07/BloodBagFull.png|2|Medical|0
Blood Collection Kit|BloodBagEmpty|https://db.mydayz.eu/wp-content/uploads/2025/07/BloodBagEmpty.png|2|Medical|0
Blood Test Kit|BloodTestKit|https://db.mydayz.eu/wp-content/uploads/2025/07/BloodTestKit.png|2|Medical|0
Blouse|Blouse_Green|https://db.mydayz.eu/wp-content/uploads/2025/08/Blouse_Green.png|11|Tops|0
Blowtorch|Blowtorch|https://db.mydayz.eu/wp-content/uploads/2025/07/Blowtorch.png|4|Tools|0
Boar Pelt|Boar-Pelt|https://db.mydayz.eu/wp-content/uploads/2025/07/Boar-Pelt.png|4|Consumables|0
Boar Steak|BoarSteakMeat|https://db.mydayz.eu/wp-content/uploads/2025/07/BoarSteakMeat.png|3|Food|0
Bolt|Ammo_HuntingBolt|https://db.mydayz.eu/wp-content/uploads/2025/07/Ammo_HuntingBolt.png|1|Ammunition|0
Bomber Jacket|BomberJacket_Black|https://db.mydayz.eu/wp-content/uploads/2025/08/BomberJacket_Black.png|11|Tops|0
Bone Fishing Bait|BoneBait|https://db.mydayz.eu/wp-content/uploads/2025/07/BoneBait.png|4|Consumables|0
Bone Fishing Hook|BoneHook|https://db.mydayz.eu/wp-content/uploads/2025/07/BoneHook.png|4|Consumables|0
Bone Knife|BoneKnife|https://db.mydayz.eu/wp-content/uploads/2025/07/BoneKnife.png|4|Tools|0
Bones|Bone|https://db.mydayz.eu/wp-content/uploads/2025/07/Bone.png|4|Consumables|0
Bonfire|Bonfire|https://db.mydayz.eu/wp-content/uploads/2025/07/Bonfire.png|4|Camping|0
Boonie Hat|BoonieHat_Black|https://db.mydayz.eu/wp-content/uploads/2025/08/BoonieHat_Black.png|11|Headgear|0
Boxed .22 LR Rounds|AmmoBox_22_50Rnd|https://db.mydayz.eu/wp-content/uploads/2025/07/AmmoBox_22_50Rnd.png|1|Ammunition|0
Boxed .308 WIN Rounds|AmmoBox_308Win_20Rnd|https://db.mydayz.eu/wp-content/uploads/2025/08/AmmoBox_308Win_20Rnd.png|1|Ammunition|0
Boxed .308 WIN Tracer Rounds|AmmoBox_308WinTracer_20Rnd|https://db.mydayz.eu/wp-content/uploads/2025/08/AmmoBox_308WinTracer_20Rnd.png|1|Ammunition|0
Boxed .338 Lapua Rounds|Boxed-.338-Lapua-Rounds|https://db.mydayz.eu/wp-content/uploads/2025/08/Boxed-.338-Lapua-Rounds.png|1|Ammunition|1
Boxed .357 Rounds|AmmoBox_357_20Rnd|https://db.mydayz.eu/wp-content/uploads/2025/07/AmmoBox_357_20Rnd.png|1|Ammunition|0
Boxed .357AP Rounds|Boxed-.357AP-Rounds|https://db.mydayz.eu/wp-content/uploads/2025/08/Boxed-.357AP-Rounds.png|1|Ammunition|1
Boxed .380 ACP Rounds|AmmoBox_380_35rnd|https://db.mydayz.eu/wp-content/uploads/2025/08/AmmoBox_380_35rnd.png|1|Ammunition|0
Boxed .45 ACP Rounds|AmmoBox_45ACP_25rnd|https://db.mydayz.eu/wp-content/uploads/2025/08/AmmoBox_45ACP_25rnd.png|1|Ammunition|0
Boxed .50 BMG Rounds|Boxed-.50-BMG-Rounds|https://db.mydayz.eu/wp-content/uploads/2025/08/Boxed-.50-BMG-Rounds.png|1|Ammunition|1
Boxed 12ga 00 Buckshots|AmmoBox_00buck_10rnd|https://db.mydayz.eu/wp-content/uploads/2025/08/AmmoBox_00buck_10rnd.png|1|Ammunition|0
Boxed 12ga Rifled Slugs|AmmoBox_12gaSlug_10Rnd|https://db.mydayz.eu/wp-content/uploads/2025/08/AmmoBox_12gaSlug_10Rnd.png|1|Ammunition|0
Boxed 5.45x39mm Rounds|AmmoBox_545x39_20Rnd|https://db.mydayz.eu/wp-content/uploads/2025/07/AmmoBox_545x39_20Rnd.png|1|Ammunition|0
Boxed 5.45x39mm Tracer Rounds|AmmoBox_545x39Tracer_20Rnd|https://db.mydayz.eu/wp-content/uploads/2025/07/AmmoBox_545x39Tracer_20Rnd.png|1|Ammunition|0
Boxed 5.56x45mm Rounds|AmmoBox_556x45_20Rnd|https://db.mydayz.eu/wp-content/uploads/2025/08/AmmoBox_556x45_20Rnd.png|1|Ammunition|0
Boxed 5.56x45mm Tracer Rounds|AmmoBox_556x45Tracer_20Rnd|https://db.mydayz.eu/wp-content/uploads/2025/08/AmmoBox_556x45Tracer_20Rnd.png|1|Ammunition|0
Boxed 7.62x39mm Rounds|AmmoBox_762x39_20Rnd|https://db.mydayz.eu/wp-content/uploads/2025/08/AmmoBox_762x39_20Rnd.png|1|Ammunition|0
Boxed 7.62x39mm Tracer Rounds|AmmoBox_762x39Tracer_20Rnd|https://db.mydayz.eu/wp-content/uploads/2025/08/AmmoBox_762x39Tracer_20Rnd.png|1|Ammunition|0
Boxed 7.62x54mmR Rounds|AmmoBox_762x54_20Rnd|https://db.mydayz.eu/wp-content/uploads/2025/08/AmmoBox_762x54_20Rnd.png|1|Ammunition|0
Boxed 7.62x54mmR Tracer Rounds|AmmoBox_762x54Tracer_20Rnd|https://db.mydayz.eu/wp-content/uploads/2025/08/AmmoBox_762x54Tracer_20Rnd.png|1|Ammunition|0
Boxed 792x57mm Mauser Rounds|Boxed-792x57mm-Mauser-Rounds|https://db.mydayz.eu/wp-content/uploads/2025/08/Boxed-792x57mm-Mauser-Rounds.png|1|Ammunition|1
Boxed 792x57mm Mauser Tracer Rounds|Boxed-792x57mm-Mauser-Tracer-Rounds|https://db.mydayz.eu/wp-content/uploads/2025/08/Boxed-792x57mm-Mauser-Tracer-Rounds.png|1|Ammunition|1
Boxed 9x19mm Rounds|AmmoBox_9x19_25rnd|https://db.mydayz.eu/wp-content/uploads/2025/08/AmmoBox_9x19_25rnd.png|1|Ammunition|0
Boxed 9x39mm Armor-Piercing Rounds|AmmoBox_9x39AP_20Rnd|https://db.mydayz.eu/wp-content/uploads/2025/08/AmmoBox_9x39AP_20Rnd.png|1|Ammunition|0
Boxed 9x39mm Rounds|AmmoBox_9x39_20Rnd|https://db.mydayz.eu/wp-content/uploads/2025/08/AmmoBox_9x39_20Rnd.png|1|Ammunition|0
Boxed Headlight Bulb|HeadlightH7_Box|https://db.mydayz.eu/wp-content/uploads/2025/07/HeadlightH7_Box.png|7|Parts|0
Boxed Nails|Boxed-Nails|https://db.mydayz.eu/wp-content/uploads/2025/07/Boxed-Nails.png|4|Consumables|0
Brake Fluid|BrakeFluid|https://db.mydayz.eu/wp-content/uploads/2025/07/BrakeFluid.png|7|Parts|0
Brass Knuckles|BrassKnuckles_Dull|https://db.mydayz.eu/wp-content/uploads/2025/08/BrassKnuckles_Dull.png|9|Blunt|0
Brass Knuckles|BrassKnuckles_Shiny|https://db.mydayz.eu/wp-content/uploads/2025/08/BrassKnuckles_Shiny.png|9|Blunt|0
BRAVO 4 Optic|BRAVO-4-Optic|https://db.mydayz.eu/wp-content/uploads/2025/08/BRAVO-4-Optic.png|10|Optics|1
Brisket Spread|BrisketSpread|https://db.mydayz.eu/wp-content/uploads/2025/07/BrisketSpread.png|3|Food|0
Broom|Broom|https://db.mydayz.eu/wp-content/uploads/2025/07/Broom.png|4|Tools|0
Browning GP|Browning-GP|https://db.mydayz.eu/wp-content/uploads/2025/08/Browning-GP.png|0|Pistols|1
Browning Magazine|Browning-Magazine|https://db.mydayz.eu/wp-content/uploads/2025/08/Browning-Magazine.png|1|Magazine|1
Budenovka|BudenovkaHat_Gray|https://db.mydayz.eu/wp-content/uploads/2025/08/BudenovkaHat_Gray.png|11|Headgear|0
Burlap Backpack|ImprovisedBag|https://db.mydayz.eu/wp-content/uploads/2025/07/ImprovisedBag.png|4|Backpacks|0
Burlap Courier Bag|CourierBag|https://db.mydayz.eu/wp-content/uploads/2025/07/CourierBag.png|4|Backpacks|0
Burlap Sack|BurlapSack|https://db.mydayz.eu/wp-content/uploads/2025/08/BurlapSack.png|5|Crafting|0
Burlap Sack|BurlapSackCover|https://db.mydayz.eu/wp-content/uploads/2025/08/BurlapSackCover.png|11|Headgear|0
Burlap Strips|BurlapStrip|https://db.mydayz.eu/wp-content/uploads/2025/07/BurlapStrip.png|4|Consumables|0
Bushlat Jacket|BushlatPoliceJacket_Blue|https://db.mydayz.eu/wp-content/uploads/2025/08/BushlatPoliceJacket_Blue.png|11|Tops|0
Cable Reel|CableReel|https://db.mydayz.eu/wp-content/uploads/2025/07/CableReel.png|4|Camping|0
Camo Net|CamoNet|https://db.mydayz.eu/wp-content/uploads/2025/07/CamoNet.png|4|Camping|0
Campfire Tripod|Tripod|https://db.mydayz.eu/wp-content/uploads/2025/07/Tripod.png|4|Cooking|0
Can Opener|CanOpener|https://db.mydayz.eu/wp-content/uploads/2025/07/CanOpener.png|4|Tools|0
Candy Cane|Candycane_Green|https://db.mydayz.eu/wp-content/uploads/2025/07/Candycane_Green.png|3|Food|0
Candy Cane|Candycane_RedGreen|https://db.mydayz.eu/wp-content/uploads/2025/07/Candycane_RedGreen.png|3|Food|0
Canned Bacon|TacticalBaconCan|https://db.mydayz.eu/wp-content/uploads/2025/07/TacticalBaconCan.png|3|Food|0
Canned Baked Beans|BakedBeansCan|https://db.mydayz.eu/wp-content/uploads/2025/07/BakedBeansCan.png|3|Food|0
Canned Crab|CrabCan|https://db.mydayz.eu/wp-content/uploads/2025/07/CrabCan.png|3|Food|0
Canned Peaches|PeachesCan|https://db.mydayz.eu/wp-content/uploads/2025/07/PeachesCan.png|3|Food|0
Canned Pork|PorkCan|https://db.mydayz.eu/wp-content/uploads/2025/07/PorkCan.png|3|Food|0
Canned Sardines|SardinesCan|https://db.mydayz.eu/wp-content/uploads/2025/07/SardinesCan.png|3|Food|0
Canned Spaghetti|SpaghettiCan|https://db.mydayz.eu/wp-content/uploads/2025/07/SpaghettiCan.png|3|Food|0
Canned Tuna|TunaCan|https://db.mydayz.eu/wp-content/uploads/2025/07/TunaCan.png|3|Food|0
Canopy Tent|Canopy-Tent|https://db.mydayz.eu/wp-content/uploads/2025/07/Canopy-Tent.png|4|Camping|0
Canopy Tent|PartyTent|https://db.mydayz.eu/wp-content/uploads/2025/07/PartyTent.png|4|Camping|0
Canteen|Canteen|https://db.mydayz.eu/wp-content/uploads/2025/07/Canteen.png|3|Drinks|0
Canvas Bag|CanvasBag_Olive|https://db.mydayz.eu/wp-content/uploads/2025/07/CanvasBag_Olive.png|4|Backpacks|0
Capri Pants|Breeches_Black|https://db.mydayz.eu/wp-content/uploads/2025/08/Breeches_Black.png|11|Pants|0
Car Battery|CarBattery|https://db.mydayz.eu/wp-content/uploads/2025/07/CarBattery.png|7|Parts|0
Car Radiator|CarRadiator|https://db.mydayz.eu/wp-content/uploads/2025/07/CarRadiator.png|7|Parts|0
Car Tent|CarTent|https://db.mydayz.eu/wp-content/uploads/2025/07/CarTent.png|4|Camping|0
Cargo Pants|CargoPants_Black|https://db.mydayz.eu/wp-content/uploads/2025/08/CargoPants_Black.png|11|Pants|0
Carnival Mask|EyeMask_Black|https://db.mydayz.eu/wp-content/uploads/2025/08/EyeMask_Black.png|11|Glasses|0
Carp|Carp|https://db.mydayz.eu/wp-content/uploads/2025/07/Carp.png|3|Food|0
Carp Fillet|CarpFilletMeat|https://db.mydayz.eu/wp-content/uploads/2025/07/CarpFilletMeat.png|3|Food|0
Casual Sunglasses|DesignerGlasses|https://db.mydayz.eu/wp-content/uploads/2025/08/DesignerGlasses.png|11|Glasses|0
Cat Food Can|CatFoodCan|https://db.mydayz.eu/wp-content/uploads/2025/07/CatFoodCan.png|3|Food|0
Cattle Prod|Cattle_Prod|https://db.mydayz.eu/wp-content/uploads/2025/08/Cattle_Prod.png|9|Powered|0
Cauldron|Cauldron|https://db.mydayz.eu/wp-content/uploads/2025/07/Cauldron.png|4|Cooking|0
Cereals|BoxCerealCrunchin|https://db.mydayz.eu/wp-content/uploads/2025/07/BoxCerealCrunchin.png|3|Food|0
Chainmail|Chainmail|https://db.mydayz.eu/wp-content/uploads/2025/08/Chainmail.png|11|Tops|0
Chainmail Coif|Chainmail_Coif|https://db.mydayz.eu/wp-content/uploads/2025/08/Chainmail_Coif.png|11|Headgear|0
Chainmail Leggings|Chainmail_Leggings|https://db.mydayz.eu/wp-content/uploads/2025/08/Chainmail_Leggings.png|11|Pants|0
Charcoal Tablets|CharcoalTablets|https://db.mydayz.eu/wp-content/uploads/2025/07/CharcoalTablets.png|2|Medical|0
Chelating Tablets|ChelatingTablets|https://db.mydayz.eu/wp-content/uploads/2025/07/ChelatingTablets.png|2|Medical|0
Chest Holster|ChestHolster|https://db.mydayz.eu/wp-content/uploads/2025/08/ChestHolster.png|11|Vests|0
Chestplate|Chestplate|https://db.mydayz.eu/wp-content/uploads/2025/08/Chestplate.png|11|Vests|0
Chevon Steak|GoatSteakMeat|https://db.mydayz.eu/wp-content/uploads/2025/07/GoatSteakMeat.png|3|Food|0
Cheytac M200 Intervention|Cheytac-M200-Intervention|https://db.mydayz.eu/wp-content/uploads/2025/08/Cheytac-M200-Intervention.png|0|Bolt Action|1
Chicken Feathers|ChickenFeather|https://db.mydayz.eu/wp-content/uploads/2025/08/ChickenFeather.png|5|Crafting|0
Chicken Steak|ChickenBreastMeat|https://db.mydayz.eu/wp-content/uploads/2025/07/ChickenBreastMeat.png|3|Food|0
Chips|Chips|https://db.mydayz.eu/wp-content/uploads/2025/07/Chips.png|3|Food|0
Chlorine Tablets|PurificationTablets|https://db.mydayz.eu/wp-content/uploads/2025/07/PurificationTablets.png|2|Medical|0
Classic Glasses|ThickFramesGlasses|https://db.mydayz.eu/wp-content/uploads/2025/08/ThickFramesGlasses.png|11|Glasses|0
Cleaver|Cleaver|https://db.mydayz.eu/wp-content/uploads/2025/08/Cleaver.png|9|Blade|0
Codeine Pills|PainkillerTablets|https://db.mydayz.eu/wp-content/uploads/2025/07/PainkillerTablets.png|2|Medical|0
CokaCola|CokaCola|https://db.mydayz.eu/wp-content/uploads/2025/08/CokaCola.png|3|Drinks|1
CokaCola Cherry|CokaCola-Cherry|https://db.mydayz.eu/wp-content/uploads/2025/08/CokaCola-Cherry.png|3|Drinks|1
Collar Dress|MiniDress_Pink|https://db.mydayz.eu/wp-content/uploads/2025/08/MiniDress_Pink.png|11|Tops|0
Colt 1851|Colt-1851|https://db.mydayz.eu/wp-content/uploads/2025/08/Colt-1851.png|0|Pistols|1
Colt Python|Colt-Python|https://db.mydayz.eu/wp-content/uploads/2025/08/Colt-Python.png|0|Pistols|1
Combat Backpack|TortillaBag|https://db.mydayz.eu/wp-content/uploads/2025/07/TortillaBag.png|4|Backpacks|0
Combat Boots|TTSKOBoots|https://db.mydayz.eu/wp-content/uploads/2025/08/TTSKOBoots.png|11|Shoes|0
Combat Gas Mask|GasMask|https://db.mydayz.eu/wp-content/uploads/2025/08/GasMask.png|11|Masks|0
Combat Gloves|OMNOGloves_Gray|https://db.mydayz.eu/wp-content/uploads/2025/07/OMNOGloves_Gray.png|11|Gloves|0
Combat Helmet|Ssh68Helmet|https://db.mydayz.eu/wp-content/uploads/2025/08/Ssh68Helmet.png|11|Headgear|0
Combat Jacket|TTsKOJacket_Camo|https://db.mydayz.eu/wp-content/uploads/2025/08/TTsKOJacket_Camo.png|11|Tops|0
Combat Knife|CombatKnife|https://db.mydayz.eu/wp-content/uploads/2025/08/CombatKnife.png|9|Blade|0
Combat Pants|TTSKOPants|https://db.mydayz.eu/wp-content/uploads/2025/08/TTSKOPants.png|11|Pants|0
Combat Sights|M68Optic|https://db.mydayz.eu/wp-content/uploads/2025/07/M68Optic.png|10|Optics|0
Compass|Compass|https://db.mydayz.eu/wp-content/uploads/2025/07/Compass.png|4|Navigation|0
Construction Light|Spotlight|https://db.mydayz.eu/wp-content/uploads/2025/07/Spotlight.png|4|Camping|0
Container Key|ShippingContainerKeys_Blue|https://db.mydayz.eu/wp-content/uploads/2025/07/ShippingContainerKeys_Blue.png|4|Tools|0
Cooking Pot|Cooking-Pot|https://db.mydayz.eu/wp-content/uploads/2025/08/Cooking-Pot.png|4|Cooking|0
Cooking Stand|CookingStand|https://db.mydayz.eu/wp-content/uploads/2025/07/CookingStand.png|4|Cooking|0
Cow Pelt|Cow-Pelt|https://db.mydayz.eu/wp-content/uploads/2025/07/Cow-Pelt.png|4|Consumables|0
Cowboy Hat|CowboyHat_black|https://db.mydayz.eu/wp-content/uploads/2025/08/CowboyHat_black.png|11|Headgear|0
CR-527|CZ527|https://db.mydayz.eu/wp-content/uploads/2025/08/CZ527.png|0|Bolt Action|0
CR-550 Savanna|CZ550|https://db.mydayz.eu/wp-content/uploads/2025/08/CZ550.png|0|Bolt Action|0
CR-61 Skorpion|CZ61|https://db.mydayz.eu/wp-content/uploads/2025/08/CZ61.png|0|Sub Machine Gun|0
CR-75|CZ75|https://db.mydayz.eu/wp-content/uploads/2025/08/CZ75.png|0|Pistols|0
Crackers|Crackers|https://db.mydayz.eu/wp-content/uploads/2025/07/Crackers.png|3|Food|0
Crooked Nose|CrookedNose|https://db.mydayz.eu/wp-content/uploads/2025/08/CrookedNose.png|11|Masks|0
Crop Hiking Pants|CanvasPantsMidi_Beige|https://db.mydayz.eu/wp-content/uploads/2025/08/CanvasPantsMidi_Beige.png|11|Pants|0
Crossbow|Crossbow|https://db.mydayz.eu/wp-content/uploads/2025/08/Crossbow.png|0|Archery|0
Crowbar|Crowbar|https://db.mydayz.eu/wp-content/uploads/2025/07/Crowbar.png|4|Tools|0
Crude Machete|CrudeMachete|https://db.mydayz.eu/wp-content/uploads/2025/08/CrudeMachete.png|9|Blade|0
CUU Jacket|USMCJacket_Desert|https://db.mydayz.eu/wp-content/uploads/2025/08/USMCJacket_Desert.png|11|Tops|0
CUU Pants|USMCPants_Desert|https://db.mydayz.eu/wp-content/uploads/2025/08/USMCPants_Desert.png|11|Pants|0
Dallas Mask|PaydayMask_Dallas|https://db.mydayz.eu/wp-content/uploads/2025/08/PaydayMask_Dallas.png|11|Masks|0
Dark Bark|Dark-Bark|https://db.mydayz.eu/wp-content/uploads/2025/07/Dark-Bark.png|4|Consumables|0
Datsun B210 Coupe|Datsun-B210-Coupe|https://db.mydayz.eu/wp-content/uploads/2025/08/Datsun-B210-Coupe.png|6|Wheeled|1
Datsun B210 Front Left Door|Datsun-B210-Front-Left-Door|https://db.mydayz.eu/wp-content/uploads/2025/08/Datsun-B210-Front-Left-Door.png|7|Vehicle Parts|1
Datsun B210 Front Right Door|Datsun-B210-Front-Right-Door|https://db.mydayz.eu/wp-content/uploads/2025/08/Datsun-B210-Front-Right-Door.png|7|Vehicle Parts|1
Datsun B210 Trunk Door|Datsun-B210-Trunk-Door|https://db.mydayz.eu/wp-content/uploads/2025/08/Datsun-B210-Trunk-Door.png|7|Vehicle Parts|1
Deagle|Deagle|https://db.mydayz.eu/wp-content/uploads/2025/08/Deagle.png|0|Pistols|0
Deer Pelt|Deer-Pelt|https://db.mydayz.eu/wp-content/uploads/2025/07/Deer-Pelt.png|4|Consumables|0
Defibrillator|Defibrillator|https://db.mydayz.eu/wp-content/uploads/2025/07/Defibrillator.png|2|Medical|0
Denim Jacket|DenimJacket|https://db.mydayz.eu/wp-content/uploads/2025/08/DenimJacket.png|11|Tops|0
Denim Shorts|ShortJeans_Black|https://db.mydayz.eu/wp-content/uploads/2025/08/ShortJeans_Black.png|11|Pants|0
Denim Skirt|Skirt_Blue|https://db.mydayz.eu/wp-content/uploads/2025/08/Skirt_Blue.png|11|Pants|0
Derringer|Derringer|https://db.mydayz.eu/wp-content/uploads/2025/08/Derringer.png|0|Pistols|0
DINGO co-driver Door|DINGO-co-driver-Door|https://db.mydayz.eu/wp-content/uploads/2025/08/DINGO-co-driver-Door.png|7|Vehicle Parts|1
DINGO Driver Door|DINGO-Driver-Door|https://db.mydayz.eu/wp-content/uploads/2025/08/DINGO-Driver-Door.png|7|Vehicle Parts|1
DINGO hood Door|DINGO-hood-Door|https://db.mydayz.eu/wp-content/uploads/2025/08/DINGO-hood-Door.png|7|Vehicle Parts|1
DINGO Left Rear Door|DINGO-Left-Rear-Door|https://db.mydayz.eu/wp-content/uploads/2025/08/DINGO-Left-Rear-Door.png|7|Vehicle Parts|1
DINGO Right Rear Door|DINGO-Right-Rear-Door|https://db.mydayz.eu/wp-content/uploads/2025/08/DINGO-Right-Rear-Door.png|7|Vehicle Parts|1
DINGO Trunk Door|DINGO-Trunk-Door|https://db.mydayz.eu/wp-content/uploads/2025/08/DINGO-Trunk-Door.png|7|Vehicle Parts|1
DINGO Wheel|DINGO-Wheel|https://db.mydayz.eu/wp-content/uploads/2025/08/DINGO-Wheel.png|7|Vehicle Parts|1
Disinfectant Spray|DisinfectantSpray|https://db.mydayz.eu/wp-content/uploads/2025/07/DisinfectantSpray.png|2|Medical|0
DMR|M14|https://db.mydayz.eu/wp-content/uploads/2025/08/M14.png|0|DMR|0
Dog Food Can|DogFoodCan|https://db.mydayz.eu/wp-content/uploads/2025/07/DogFoodCan.png|3|Food|0
Down Jacket|DownJacket_Green|https://db.mydayz.eu/wp-content/uploads/2025/08/DownJacket_Green.png|11|Tops|0
Dress Shoes|DressShoes_Black|https://db.mydayz.eu/wp-content/uploads/2025/08/DressShoes_Black.png|11|Shoes|0
Drybag Backpack|DryBag_Black|https://db.mydayz.eu/wp-content/uploads/2025/08/DryBag_Black.png|4|Backpacks|0
Drysack|WaterproofBag_Green|https://db.mydayz.eu/wp-content/uploads/2025/07/WaterproofBag_Green.png|4|Containers|0
Drysack Bag|DrysackBag_Green|https://db.mydayz.eu/wp-content/uploads/2025/07/DrysackBag_Green.png|4|Backpacks|0
DTK-1 Muzzle Brake Kit|DTK-1-Muzzle-Brake-Kit|https://db.mydayz.eu/wp-content/uploads/2025/08/DTK-1-Muzzle-Brake-Kit.png|10|Muzzle|1
Duct Tape|DuctTape|https://db.mydayz.eu/wp-content/uploads/2025/07/DuctTape.png|4|Consumables|0
Dust Mask|NioshFaceMask|https://db.mydayz.eu/wp-content/uploads/2025/08/NioshFaceMask.png|11|Masks|0
DVL-10 Saboteur|DVL-10-Saboteur|https://db.mydayz.eu/wp-content/uploads/2025/08/DVL-10-Saboteur.png|0|Bolt Action|1
DVL-10 Urbana|DVL-10-Urbana|https://db.mydayz.eu/wp-content/uploads/2025/08/DVL-10-Urbana.png|0|Bolt Action|0
DVL10 Saboteur Magazine 5 rnd|DVL10-Saboteur-Magazine-5-rnd|https://db.mydayz.eu/wp-content/uploads/2025/08/DVL10-Saboteur-Magazine-5-rnd.png|1|Magazine|1
DVL10 Urbana Magazine 5 rnd|DVL10-Urbana-Magazine-5-rnd|https://db.mydayz.eu/wp-content/uploads/2025/08/DVL10-Urbana-Magazine-5-rnd.png|1|Magazine|1
Earthworm|Worm|https://db.mydayz.eu/wp-content/uploads/2025/07/Worm.png|3|Food|0
Eggsperimental Capsule|EasterEgg|https://db.mydayz.eu/wp-content/uploads/2025/07/EasterEgg.png|4|Consumables|0
Elderberries|SambucusBerry|https://db.mydayz.eu/wp-content/uploads/2025/07/SambucusBerry.png|3|Food|0
Electrical Repair Kit|ElectronicRepairKit|https://db.mydayz.eu/wp-content/uploads/2025/07/ElectronicRepairKit.png|4|Tools|0
Enduro Helmet|DirtBikeHelmet_Black|https://db.mydayz.eu/wp-content/uploads/2025/08/DirtBikeHelmet_Black.png|11|Headgear|0
Enduro Helmet Mouthguard|DirtBikeHelmet_Mouthguard|https://db.mydayz.eu/wp-content/uploads/2025/08/DirtBikeHelmet_Mouthguard.png|11|Headgear|0
Enduro Helmet Visor|DirtBikeHelmet_Visor|https://db.mydayz.eu/wp-content/uploads/2025/08/DirtBikeHelmet_Visor.png|11|Headgear|0
Engraved Kolt 1911|Engraved1911|https://db.mydayz.eu/wp-content/uploads/2025/08/Engraved1911.png|0|Pistols|0
EOTECH Vudu 1-6×24 FFP|EOTECH-Vudu-1-6x24-FFP|https://db.mydayz.eu/wp-content/uploads/2025/08/EOTECH-Vudu-1-6x24-FFP.png|10|Optics|1
EOTech XPS3 Holographic Sight|EOTech-XPS3-Holographic-Sight|https://db.mydayz.eu/wp-content/uploads/2025/08/EOTech-XPS3-Holographic-Sight.png|10|Optics|1
Epinephrine Auto-Injector|Epinephrine|https://db.mydayz.eu/wp-content/uploads/2025/07/Epinephrine.png|2|Medical|0
Epoxy Putty|EpoxyPutty|https://db.mydayz.eu/wp-content/uploads/2025/07/EpoxyPutty.png|4|Tools|0
Fange|FangeKnife|https://db.mydayz.eu/wp-content/uploads/2025/08/FangeKnife.png|9|Blade|0
Fanta Grapefruit|Fanta-Grapefruit|https://db.mydayz.eu/wp-content/uploads/2025/08/Fanta-Grapefruit.png|3|Drinks|1
Farming Hoe|FarmingHoe|https://db.mydayz.eu/wp-content/uploads/2025/07/FarmingHoe.png|4|Tools|0
Fat|Lard|https://db.mydayz.eu/wp-content/uploads/2025/07/Lard.png|3|Food|0
Fence|Fence|https://db.mydayz.eu/wp-content/uploads/2025/07/Fence.png|4|Camping|0
Fence Kit|FenceKit|https://db.mydayz.eu/wp-content/uploads/2025/07/FenceKit.png|4|Camping|0
Festive Headband|ChristmasHeadband_Trees|https://db.mydayz.eu/wp-content/uploads/2025/08/ChristmasHeadband_Trees.png|11|Headgear|0
Field Backpack|AliceBag_Black|https://db.mydayz.eu/wp-content/uploads/2025/08/AliceBag_Black.png|4|Backpacks|0
Field Jacket|M65Jacket_Black|https://db.mydayz.eu/wp-content/uploads/2025/08/M65Jacket_Black.png|11|Tops|0
Field Mushroom|AgaricusMushroom|https://db.mydayz.eu/wp-content/uploads/2025/07/AgaricusMushroom.png|3|Food|0
Field Shovel|FieldShovel|https://db.mydayz.eu/wp-content/uploads/2025/07/FieldShovel.png|4|Tools|0
Field Transceiver|BaseRadio|https://db.mydayz.eu/wp-content/uploads/2025/07/BaseRadio.png|4|Radio|0
Field Vest|UKAssVest_Black|https://db.mydayz.eu/wp-content/uploads/2025/08/UKAssVest_Black.png|11|Vests|0
Filtering Bottle|FilteringBottle|https://db.mydayz.eu/wp-content/uploads/2025/07/FilteringBottle.png|3|Drinks|0
Fingerless Gloves|WoolGlovesFingerless_Black|https://db.mydayz.eu/wp-content/uploads/2025/07/WoolGlovesFingerless_Black.png|11|Gloves|0
Fire Barrel|BarrelHoles_Green|https://db.mydayz.eu/wp-content/uploads/2025/07/BarrelHoles_Green.png|4|Cooking|0
Firefighter Axe|FirefighterAxe|https://db.mydayz.eu/wp-content/uploads/2025/08/FirefighterAxe.png|9|Blade|0
Firefighter Helmet|FirefightersHelmet_Red|https://db.mydayz.eu/wp-content/uploads/2025/08/FirefightersHelmet_Red.png|11|Headgear|0
Firefighter Jacket|FirefighterJacket_Black|https://db.mydayz.eu/wp-content/uploads/2025/08/FirefighterJacket_Black.png|11|Tops|0
Firefighter Pants|FirefightersPants_Black|https://db.mydayz.eu/wp-content/uploads/2025/08/FirefightersPants_Black.png|11|Pants|0
Fireplace|Fireplace|https://db.mydayz.eu/wp-content/uploads/2025/07/Fireplace.png|4|Cooking|0
Firewood|Firewood|https://db.mydayz.eu/wp-content/uploads/2025/07/Firewood.png|4|Consumables|0
Fireworks Launcher|FireworksLauncher|https://db.mydayz.eu/wp-content/uploads/2025/07/FireworksLauncher.png|4|Tools|0
First Aid Pouch|FirstAidKit|https://db.mydayz.eu/wp-content/uploads/2025/07/FirstAidKit.png|4|Containers|0
Fish Net Trap|FishNetTrap|https://db.mydayz.eu/wp-content/uploads/2025/08/FishNetTrap.png|4|Traps|0
Fishing Bait|Bait|https://db.mydayz.eu/wp-content/uploads/2025/07/Bait.png|4|Consumables|0
Fishing Hook|Hook|https://db.mydayz.eu/wp-content/uploads/2025/07/Hook.png|4|Consumables|0
Fishing Rod|FishingRod|https://db.mydayz.eu/wp-content/uploads/2025/07/FishingRod.png|4|Tools|0
Flag Pole|Flag-Pole|https://db.mydayz.eu/wp-content/uploads/2025/07/Flag-Pole.png|4|Camping|0
Flag Pole Kit|Flag-Pole-Kit|https://db.mydayz.eu/wp-content/uploads/2025/07/Flag-Pole-Kit.png|4|Camping|0
Flare|Ammo_Flare|https://db.mydayz.eu/wp-content/uploads/2025/07/Ammo_Flare.png|1|Ammunition|0
Flare|Ammo_FlareBlue|https://db.mydayz.eu/wp-content/uploads/2025/07/Ammo_FlareBlue.png|1|Ammunition|0
Flare|Ammo_FlareGreen|https://db.mydayz.eu/wp-content/uploads/2025/07/Ammo_FlareGreen.png|1|Ammunition|0
Flare|Ammo_FlareRed|https://db.mydayz.eu/wp-content/uploads/2025/07/Ammo_FlareRed.png|1|Ammunition|0
Flashlight|Flashlight|https://db.mydayz.eu/wp-content/uploads/2025/07/Flashlight.png|4|Tools|0
Flat Cap|FlatCap_Black|https://db.mydayz.eu/wp-content/uploads/2025/08/FlatCap_Black.png|11|Headgear|0
Flat Shoes|Ballerinas_Blue|https://db.mydayz.eu/wp-content/uploads/2025/08/Ballerinas_Blue.png|11|Shoes|0
Flight Helmet|ZSh3PilotHelmet|https://db.mydayz.eu/wp-content/uploads/2025/08/ZSh3PilotHelmet.png|11|Headgear|0
Fly Amanita|AmanitaMushroom|https://db.mydayz.eu/wp-content/uploads/2025/07/AmanitaMushroom.png|3|Food|0
Ford Escort Front Left Door|Ford-Escort-Front-Left-Door|https://db.mydayz.eu/wp-content/uploads/2025/08/Ford-Escort-Front-Left-Door.png|7|Vehicle Parts|1
Ford Escort Front Right Door|Ford-Escort-Front-Right-Door|https://db.mydayz.eu/wp-content/uploads/2025/08/Ford-Escort-Front-Right-Door.png|7|Vehicle Parts|1
Ford Escort RS2000|Ford-Escort-RS2000|https://db.mydayz.eu/wp-content/uploads/2025/08/Ford-Escort-RS2000.png|6|Wheeled|1
Ford Escort Trunk Door|Ford-Escort-Trunk-Door|https://db.mydayz.eu/wp-content/uploads/2025/08/Ford-Escort-Trunk-Door.png|7|Vehicle Parts|1
Fox Pelt|Fox-Pelt|https://db.mydayz.eu/wp-content/uploads/2025/07/Fox-Pelt.png|4|Consumables|0
Fox Steak|FoxSteakMeat|https://db.mydayz.eu/wp-content/uploads/2025/07/FoxSteakMeat.png|3|Food|0
Franchi SPAS 12|Franchi-SPAS-12|https://db.mydayz.eu/wp-content/uploads/2025/08/Franchi-SPAS-12.png|0|Shotguns|1
FRF-1|FRF-1|https://db.mydayz.eu/wp-content/uploads/2025/08/FRF-1.png|0|Bolt Action|1
Fronta Lemonade|SodaCan_Fronta|https://db.mydayz.eu/wp-content/uploads/2025/07/SodaCan_Fronta.png|3|Drinks|0
Frying Pan|FryingPan|https://db.mydayz.eu/wp-content/uploads/2025/07/FryingPan.png|4|Cooking|0
Fur Backpack|FurImprovisedBag|https://db.mydayz.eu/wp-content/uploads/2025/07/FurImprovisedBag.png|4|Backpacks|0
Fur Courier Bag|FurCourierBag|https://db.mydayz.eu/wp-content/uploads/2025/07/FurCourierBag.png|4|Backpacks|0
FX-45|FNX45|https://db.mydayz.eu/wp-content/uploads/2025/08/FNX45.png|0|Pistols|0
G36C|G36C|https://db.mydayz.eu/wp-content/uploads/2025/08/G36C.png|0|Assault rifle|1
G36K|G36K|https://db.mydayz.eu/wp-content/uploads/2025/08/G36K.png|0|Assault rifle|1
Garden Lime|GardenLime|https://db.mydayz.eu/wp-content/uploads/2025/07/GardenLime.png|4|Consumables|0
Gas Lamp|PortableGasLamp|https://db.mydayz.eu/wp-content/uploads/2025/07/PortableGasLamp.png|4|Cooking|0
Gas Mask|GP5GasMask|https://db.mydayz.eu/wp-content/uploads/2025/08/GP5GasMask.png|11|Masks|0
Gas Mask Filter|GasMask_Filter|https://db.mydayz.eu/wp-content/uploads/2025/07/GasMask_Filter.png|4|Consumables|0
Gas Stove|PortableGasStove|https://db.mydayz.eu/wp-content/uploads/2025/07/PortableGasStove.png|4|Cooking|0
GAZ 2330 TIGR|GAZ-2330-TIGR|https://db.mydayz.eu/wp-content/uploads/2025/08/GAZ-2330-TIGR.png|6|Wheeled|1
GAZ TIGR Co-driver Door|GAZ-TIGR-Co-driver-Door|https://db.mydayz.eu/wp-content/uploads/2025/08/GAZ-TIGR-Co-driver-Door.png|7|Vehicle Parts|1
GAZ TIGR Driver Door|GAZ-TIGR-Driver-Door|https://db.mydayz.eu/wp-content/uploads/2025/08/GAZ-TIGR-Driver-Door.png|7|Vehicle Parts|1
GAZ TIGR Hood Door|GAZ-TIGR-Hood-Door|https://db.mydayz.eu/wp-content/uploads/2025/08/GAZ-TIGR-Hood-Door.png|7|Vehicle Parts|1
GAZ TIGR Left Rear Door|GAZ-TIGR-Left-Rear-Door|https://db.mydayz.eu/wp-content/uploads/2025/08/GAZ-TIGR-Left-Rear-Door.png|7|Vehicle Parts|1
GAZ TIGR Right Rear Door|GAZ-TIGR-Right-Rear-Door|https://db.mydayz.eu/wp-content/uploads/2025/08/GAZ-TIGR-Right-Rear-Door.png|7|Vehicle Parts|1
GAZ TIGR Wheel|GAZ-TIGR-Wheel|https://db.mydayz.eu/wp-content/uploads/2025/08/GAZ-TIGR-Wheel.png|7|Vehicle Parts|1
Gewehr 43|Gewehr-43|https://db.mydayz.eu/wp-content/uploads/2025/08/Gewehr-43.png|0|DMR|1
Gewehr 43 Mag 5Rnds|Gewehr-43-Mag-5Rnds|https://db.mydayz.eu/wp-content/uploads/2025/08/Gewehr-43-Mag-5Rnds.png|1|Magazine|1
Ghillie Cloak|GhillieTop_Tan|https://db.mydayz.eu/wp-content/uploads/2025/08/GhillieTop_Tan.png|4|Backpacks|0
Ghillie Hood|GhillieHood_Tan|https://db.mydayz.eu/wp-content/uploads/2025/08/GhillieHood_Tan.png|11|Headgear|0
Ghillie Rifle Wrap|GhillieAtt_Tan|https://db.mydayz.eu/wp-content/uploads/2025/07/GhillieAtt_Tan.png|10|Support|0
Ghillie Shrug|GhillieBushrag_Tan|https://db.mydayz.eu/wp-content/uploads/2025/07/GhillieBushrag_Tan.png|4|Backpacks|0
Ghillie Suit|GhillieSuit_Woodland|https://db.mydayz.eu/wp-content/uploads/2025/08/GhillieSuit_Woodland.png|4|Backpacks|0
Glass Bottle|GlassBottle|https://db.mydayz.eu/wp-content/uploads/2025/07/GlassBottle.png|3|Drinks|0
Glock 17|Glock-17|https://db.mydayz.eu/wp-content/uploads/2025/08/Glock-17.png|0|Pistols|1
Glock17 Magazine|Glock17-Magazine|https://db.mydayz.eu/wp-content/uploads/2025/08/Glock17-Magazine.png|1|Magazine|1
Glow Stick|Chemlight_Green|https://db.mydayz.eu/wp-content/uploads/2025/07/Chemlight_Green.png|4|Consumables|0
Glowplug|GlowPlug|https://db.mydayz.eu/wp-content/uploads/2025/07/GlowPlug.png|7|Parts|0
Goat Pelt|Goat-Pelt|https://db.mydayz.eu/wp-content/uploads/2025/07/Goat-Pelt.png|4|Consumables|0
GPS Receiver|GPSReceiver|https://db.mydayz.eu/wp-content/uploads/2025/07/GPSReceiver.png|4|Navigation|0
Great Helm|GreatHelm|https://db.mydayz.eu/wp-content/uploads/2025/08/GreatHelm.png|11|Headgear|0
Gun Cleaning Kit|WeaponCleaningKit|https://db.mydayz.eu/wp-content/uploads/2025/07/WeaponCleaningKit.png|4|Tools|0
Gunter 2|Hatchback_02|https://db.mydayz.eu/wp-content/uploads/2025/07/Hatchback_02.png|6|Wheeled|0
Gunter 2 Front Left Door|Hatchback_02_Door_1_1|https://db.mydayz.eu/wp-content/uploads/2025/07/Hatchback_02_Door_1_1.png|7|Vehicle Parts|0
Gunter 2 Front Right Door|Gunter-2-Front-Right-Door|https://db.mydayz.eu/wp-content/uploads/2025/07/Gunter-2-Front-Right-Door.png|7|Vehicle Parts|0
Gunter 2 Hood|Gunter-2-Hood|https://db.mydayz.eu/wp-content/uploads/2025/07/Gunter-2-Hood.png|7|Vehicle Parts|0
Gunter 2 Rear Left Door|Gunter-2-Rear-Left-Door|https://db.mydayz.eu/wp-content/uploads/2025/07/Gunter-2-Rear-Left-Door.png|7|Vehicle Parts|0
Gunter 2 Rear Right Door|Gunter-2-Rear-Right-Door|https://db.mydayz.eu/wp-content/uploads/2025/07/Gunter-2-Rear-Right-Door.png|7|Vehicle Parts|0
Gunter 2 Trunk Door|Gunter-2-Trunk-Door|https://db.mydayz.eu/wp-content/uploads/2025/07/Gunter-2-Trunk-Door.png|7|Vehicle Parts|0
Gunter 2 Wheel|Hatchback_02_Wheel|https://db.mydayz.eu/wp-content/uploads/2025/07/Hatchback_02_Wheel.png|7|Vehicle Parts|0
Guts|Guts|https://db.mydayz.eu/wp-content/uploads/2025/07/Guts.png|3|Food|0
Hacksaw|Hacksaw|https://db.mydayz.eu/wp-content/uploads/2025/07/Hacksaw.png|4|Tools|0
Hammer|Hammer|https://db.mydayz.eu/wp-content/uploads/2025/07/Hammer.png|4|Tools|0
Hand Drill Kit|HandDrillKit|https://db.mydayz.eu/wp-content/uploads/2025/08/HandDrillKit.png|5|Crafting|0
Hand Saw|HandSaw|https://db.mydayz.eu/wp-content/uploads/2025/07/HandSaw.png|4|Tools|0
Handcuff Keys|HandcuffKeys|https://db.mydayz.eu/wp-content/uploads/2025/07/HandcuffKeys.png|4|Tools|0
Handcuffs|Handcuffs|https://db.mydayz.eu/wp-content/uploads/2025/07/Handcuffs.png|4|Tools|0
Handgun Scope|PistolOptic|https://db.mydayz.eu/wp-content/uploads/2025/07/PistolOptic.png|10|Optics|0
Handheld Transceiver|PersonalRadio|https://db.mydayz.eu/wp-content/uploads/2025/07/PersonalRadio.png|4|Radio|0
Hard Hat|ConstructionHelmet_Blue|https://db.mydayz.eu/wp-content/uploads/2025/08/ConstructionHelmet_Blue.png|11|Headgear|0
Hare|DeadRabbit|https://db.mydayz.eu/wp-content/uploads/2025/07/DeadRabbit.png|3|Food|0
Hare Leg|RabbitLegMeat|https://db.mydayz.eu/wp-content/uploads/2025/07/RabbitLegMeat.png|3|Food|0
Hare Pelt|Hare-Pelt|https://db.mydayz.eu/wp-content/uploads/2025/07/Hare-Pelt.png|4|Consumables|0
Hatchet|Hatchet|https://db.mydayz.eu/wp-content/uploads/2025/08/Hatchet.png|9|Blade|0
Head Torch|Headtorch_Black|https://db.mydayz.eu/wp-content/uploads/2025/08/Headtorch_Black.png|11|Headgear|0
Headdress|Headdress_Wolf|https://db.mydayz.eu/wp-content/uploads/2025/08/Headdress_Wolf.png|11|Headgear|0
Headlight Bulb|HeadlightH7|https://db.mydayz.eu/wp-content/uploads/2025/07/HeadlightH7.png|7|Parts|0
Heat Pack|Heatpack|https://db.mydayz.eu/wp-content/uploads/2025/07/Heatpack.png|4|Tools|0
Hen|DeadChicken_Spotted|https://db.mydayz.eu/wp-content/uploads/2025/07/DeadChicken_Spotted.png|3|Food|0
Hen|DeadChicken_White|https://db.mydayz.eu/wp-content/uploads/2025/07/DeadChicken_White.png|3|Food|0
Hiking Backpack|TaloonBag_Green|https://db.mydayz.eu/wp-content/uploads/2025/08/TaloonBag_Green.png|4|Backpacks|0
Hiking Boots|HikingBoots_Black|https://db.mydayz.eu/wp-content/uploads/2025/08/HikingBoots_Black.png|11|Shoes|0
Hiking Jacket|HikingJacket_Black|https://db.mydayz.eu/wp-content/uploads/2025/08/HikingJacket_Black.png|11|Tops|0
Hiking Pants|CanvasPants_Beige|https://db.mydayz.eu/wp-content/uploads/2025/08/CanvasPants_Beige.png|11|Pants|0
Hip Pack|HipPack_Black|https://db.mydayz.eu/wp-content/uploads/2025/07/HipPack_Black.png|11|Belts|0
HK MP7A1|HK-MP7A1|https://db.mydayz.eu/wp-content/uploads/2025/08/HK-MP7A1.png|0|Sub Machine Gun|1
HK416|HK416|https://db.mydayz.eu/wp-content/uploads/2025/08/HK416.png|0|Assault rifle|1
HK417|HK417|https://db.mydayz.eu/wp-content/uploads/2025/08/HK417.png|0|DMR|1
HK417 Buttstock|HK417-Buttstock|https://db.mydayz.eu/wp-content/uploads/2025/08/HK417-Buttstock.png|10|Support|1
HK417 Magazine 10 rnds|HK417-Magazine-10-rnds|https://db.mydayz.eu/wp-content/uploads/2025/08/HK417-Magazine-10-rnds.png|1|Magazine|1
HK417 Magazine 20 rnds|HK417-Magazine-20-rnds|https://db.mydayz.eu/wp-content/uploads/2025/08/HK417-Magazine-20-rnds.png|1|Magazine|1
Hockey Helmet|HockeyHelmet_Black|https://db.mydayz.eu/wp-content/uploads/2025/08/HockeyHelmet_Black.png|11|Headgear|0
Hockey Mask|HockeyMask|https://db.mydayz.eu/wp-content/uploads/2025/08/HockeyMask.png|11|Masks|0
Holster|PlateCarrierHolster|https://db.mydayz.eu/wp-content/uploads/2025/08/PlateCarrierHolster.png|11|Vests|0
Honey|Honey|https://db.mydayz.eu/wp-content/uploads/2025/07/Honey.png|3|Food|0
Hoodie|Hoodie_Black|https://db.mydayz.eu/wp-content/uploads/2025/08/Hoodie_Black.png|11|Tops|0
Hoxton Mask|PaydayMask_Hoxton|https://db.mydayz.eu/wp-content/uploads/2025/08/PaydayMask_Hoxton.png|11|Masks|0
Human Steak|HumanSteakMeat|https://db.mydayz.eu/wp-content/uploads/2025/07/HumanSteakMeat.png|3|Food|0
Hunter Backpack|HuntingBag|https://db.mydayz.eu/wp-content/uploads/2025/07/HuntingBag.png|4|Backpacks|0
Hunter Backpack|HuntingBag_Hannah|https://db.mydayz.eu/wp-content/uploads/2025/08/HuntingBag_Hannah.png|4|Backpacks|0
Hunter Boots|CombatBoots_Black|https://db.mydayz.eu/wp-content/uploads/2025/08/CombatBoots_Black.png|11|Shoes|0
Hunter Jacket|HuntingJacket_Autumn|https://db.mydayz.eu/wp-content/uploads/2025/08/HuntingJacket_Autumn.png|11|Tops|0
Hunter Pants|HunterPants_Autumn|https://db.mydayz.eu/wp-content/uploads/2025/08/HunterPants_Autumn.png|11|Pants|0
Hunter Vest|HuntingVest|https://db.mydayz.eu/wp-content/uploads/2025/08/HuntingVest.png|11|Vests|0
Hunting Knife|HuntingKnife|https://db.mydayz.eu/wp-content/uploads/2025/08/HuntingKnife.png|9|Blade|0
Hunting Scope|HuntingOptic|https://db.mydayz.eu/wp-content/uploads/2025/07/HuntingOptic.png|10|Optics|0
HuntingOptic|HuntingOptic|https://db.mydayz.eu/wp-content/uploads/2025/07/HuntingOptic.png|10|Optics|1
Ice Axe|Iceaxe|https://db.mydayz.eu/wp-content/uploads/2025/07/Iceaxe.png|4|Tools|0
Ifak|Ifak|https://db.mydayz.eu/wp-content/uploads/2025/08/Ifak.png|2|Medical|1
IJ-70|MakarovIJ70|https://db.mydayz.eu/wp-content/uploads/2025/08/MakarovIJ70.png|0|Assault rifle|0
Improvised Bolt|Ammo_ImprovisedBolt_1|https://db.mydayz.eu/wp-content/uploads/2025/07/Ammo_ImprovisedBolt_1.png|1|Ammunition|0
Improvised Eye Patch|EyePatch_Improvised|https://db.mydayz.eu/wp-content/uploads/2025/08/EyePatch_Improvised.png|11|Glasses|0
Improvised Face Wrapping|FaceCover_Improvised|https://db.mydayz.eu/wp-content/uploads/2025/08/FaceCover_Improvised.png|11|Masks|0
Improvised Feet Wrapping|FeetCover_Improvised|https://db.mydayz.eu/wp-content/uploads/2025/08/FeetCover_Improvised.png|11|Shoes|0
Improvised Gas Mask Filter|GasMask_Filter_Improvised|https://db.mydayz.eu/wp-content/uploads/2025/08/GasMask_Filter_Improvised.png|5|Crafting|0
Improvised Hands Wrapping|HandsCover_Improvised|https://db.mydayz.eu/wp-content/uploads/2025/07/HandsCover_Improvised.png|11|Gloves|0
Improvised Head Wrapping|HeadCover_Improvised|https://db.mydayz.eu/wp-content/uploads/2025/08/HeadCover_Improvised.png|11|Headgear|0
Improvised Legs Wrapping|LegsCover_Improvised|https://db.mydayz.eu/wp-content/uploads/2025/08/LegsCover_Improvised.png|11|Pants|0
Improvised Shelter|Improvised-Shelter|https://db.mydayz.eu/wp-content/uploads/2025/07/Improvised-Shelter.png|4|Camping|0
Improvised Spear|SpearBone|https://db.mydayz.eu/wp-content/uploads/2025/08/SpearBone.png|5|Crafting|0
Improvised Spear|SpearStone|https://db.mydayz.eu/wp-content/uploads/2025/08/SpearStone.png|5|Crafting|0
Improvised Torso Wrapping|TorsoCover_Improvised|https://db.mydayz.eu/wp-content/uploads/2025/08/TorsoCover_Improvised.png|11|Tops|0
Improvised Weapon|Improvised-Weapon|https://db.mydayz.eu/wp-content/uploads/2025/08/Improvised-Weapon.png|9|Blunt|1
Insecticide Spray|AntiPestsSpray|https://db.mydayz.eu/wp-content/uploads/2025/08/AntiPestsSpray.png|5|Cultivation|0
Iodine Tincture|IodineTincture|https://db.mydayz.eu/wp-content/uploads/2025/07/IodineTincture.png|2|Medical|0
IV Blood Bag|BloodBagIV|https://db.mydayz.eu/wp-content/uploads/2025/07/BloodBagIV.png|2|Medical|0
IV Saline Bag|SalineBagIV|https://db.mydayz.eu/wp-content/uploads/2025/07/SalineBagIV.png|2|Medical|0
IV Start Kit|StartKitIV|https://db.mydayz.eu/wp-content/uploads/2025/07/StartKitIV.png|2|Medical|0
Jack-o’-lantern|PumpkinHelmet|https://db.mydayz.eu/wp-content/uploads/2025/08/PumpkinHelmet.png|11|Headgear|0
Jeans|Jeans_Black|https://db.mydayz.eu/wp-content/uploads/2025/08/Jeans_Black.png|11|Pants|0
Jerrycan|jerrycan|https://db.mydayz.eu/wp-content/uploads/2025/07/jerrycan.png|7|Parts|0
Jig|Jig|https://db.mydayz.eu/wp-content/uploads/2025/07/Jig.png|4|Consumables|0
Jumpsuit Jacket|JumpsuitJacket_Green|https://db.mydayz.eu/wp-content/uploads/2025/08/JumpsuitJacket_Green.png|11|Tops|0
Jumpsuit Pants|JumpsuitPants_Green|https://db.mydayz.eu/wp-content/uploads/2025/08/JumpsuitPants_Green.png|11|Pants|0
Jungle Boots|JungleBoots_Black|https://db.mydayz.eu/wp-content/uploads/2025/08/JungleBoots_Black.png|11|Shoes|0
KA Bayonet|AK_Bayonet|https://db.mydayz.eu/wp-content/uploads/2025/07/AK_Bayonet.png|10|Muzzle|0
KA Lightweight Buttstock|AK_FoldingBttstck|https://db.mydayz.eu/wp-content/uploads/2025/07/AK_FoldingBttstck.png|10|Support|0
KA Polymer Buttstock|AK_PlasticBttstck|https://db.mydayz.eu/wp-content/uploads/2025/07/AK_PlasticBttstck.png|10|Support|0
KA Polymer Handguard|AK_PlasticHndgrd|https://db.mydayz.eu/wp-content/uploads/2025/07/AK_PlasticHndgrd.png|10|Support|0
KA Rail Handguard|AK_RailHndgrd|https://db.mydayz.eu/wp-content/uploads/2025/07/AK_RailHndgrd.png|10|Support|0
KA Wooden Buttstock|AK_WoodBttstck|https://db.mydayz.eu/wp-content/uploads/2025/07/AK_WoodBttstck.png|10|Support|0
KA Wooden Buttstock|AK74_WoodBttstck|https://db.mydayz.eu/wp-content/uploads/2025/07/AK74_WoodBttstck.png|10|Support|0
KA Wooden Handguard|AK_WoodHndgrd|https://db.mydayz.eu/wp-content/uploads/2025/07/AK_WoodHndgrd.png|10|Support|0
KA Wooden Handguard|AK74_Hndgrd|https://db.mydayz.eu/wp-content/uploads/2025/07/AK74_Hndgrd.png|10|Support|0
KA-101|AK101|https://db.mydayz.eu/wp-content/uploads/2025/08/AK101.png|0|Assault rifle|0
KA-74|AK74|https://db.mydayz.eu/wp-content/uploads/2025/08/AK74.png|0|Assault rifle|0
Ka-Bar USMC|Ka-Bar-USMC|https://db.mydayz.eu/wp-content/uploads/2025/08/Ka-Bar-USMC.png|9|Blade|1
KA-M|AKM|https://db.mydayz.eu/wp-content/uploads/2025/08/AKM.png|0|Assault rifle|0
KAMAZ co-driver Door|KamazDoors_CoDriver|https://db.mydayz.eu/wp-content/uploads/2025/08/KamazDoors_CoDriver.png|7|Vehicle Parts|1
KAMAZ Driver Door|KAMAZ-Driver-Door|https://db.mydayz.eu/wp-content/uploads/2025/08/KAMAZ-Driver-Door.png|7|Vehicle Parts|1
KAMAZ hood Door|KAMAZ-hood-Door|https://db.mydayz.eu/wp-content/uploads/2025/08/KAMAZ-hood-Door.png|7|Vehicle Parts|1
Kamaz Tanker Pump|Kamaz-Tanker-Pump|https://db.mydayz.eu/wp-content/uploads/2025/08/Kamaz-Tanker-Pump.png|7|Vehicle Parts|1
KAMAZ Trunk Door|KAMAZ-Trunk-Door|https://db.mydayz.eu/wp-content/uploads/2025/08/KAMAZ-Trunk-Door.png|7|Vehicle Parts|1
KAMAZ Wheel|KAMAZ-Wheel|https://db.mydayz.eu/wp-content/uploads/2025/08/KAMAZ-Wheel.png|7|Vehicle Parts|1
Karabiner 98k|Karabiner-98k|https://db.mydayz.eu/wp-content/uploads/2025/08/Karabiner-98k.png|0|Bolt Action|1
Karambit|Karambit|https://db.mydayz.eu/wp-content/uploads/2025/08/Karambit.png|9|Blade|1
KAS-74U|AKS74U|https://db.mydayz.eu/wp-content/uploads/2025/08/AKS74U.png|0|Assault rifle|0
KAS-74U Lightweight Buttstock|AKS74U_Bttstck|https://db.mydayz.eu/wp-content/uploads/2025/07/AKS74U_Bttstck.png|10|Support|0
Katana|Katana|https://db.mydayz.eu/wp-content/uploads/2025/08/Katana.png|9|Blade|1
Kitchen Knife|KitchenKnife|https://db.mydayz.eu/wp-content/uploads/2025/07/KitchenKnife.png|4|Tools|0
Kitchen Timer|KitchenTimer|https://db.mydayz.eu/wp-content/uploads/2025/07/KitchenTimer.png|4|Tools|0
Kobra Sights|KobraOptic|https://db.mydayz.eu/wp-content/uploads/2025/07/KobraOptic.png|10|Optics|0
Kolt 1911|Colt1911|https://db.mydayz.eu/wp-content/uploads/2025/08/Colt1911.png|0|Pistols|0
KRISS Vector|KRISS-Vector|https://db.mydayz.eu/wp-content/uploads/2025/08/KRISS-Vector.png|0|Sub Machine Gun|1
Kukri|KukriKnife|https://db.mydayz.eu/wp-content/uploads/2025/08/KukriKnife.png|9|Blade|0
KX3 Flash Suppressor|KX3-Flash-Suppressor|https://db.mydayz.eu/wp-content/uploads/2025/08/KX3-Flash-Suppressor.png|10|Muzzle|1
L96A1|L96A1|https://db.mydayz.eu/wp-content/uploads/2025/08/L96A1.png|0|Bolt Action|1
L96A1 5Rnd Mag|L96A1-5Rnd-Mag|https://db.mydayz.eu/wp-content/uploads/2025/08/L96A1-5Rnd-Mag.png|1|Magazine|1
Lab Coat|LabCoat|https://db.mydayz.eu/wp-content/uploads/2025/08/LabCoat.png|11|Tops|0
Land Mine|LandMineTrap|https://db.mydayz.eu/wp-content/uploads/2025/08/LandMineTrap.png|4|Traps|0
Land Rover Front Left Door|Land-Rover-Front-Left-Door|https://db.mydayz.eu/wp-content/uploads/2025/08/Land-Rover-Front-Left-Door.png|7|Vehicle Parts|1
Land Rover Front Right Door|Land-Rover-Front-Right-Door|https://db.mydayz.eu/wp-content/uploads/2025/08/Land-Rover-Front-Right-Door.png|7|Vehicle Parts|1
Land Rover Range Rover Classic|Land-Rover-Range-Rover-Classic|https://db.mydayz.eu/wp-content/uploads/2025/08/Land-Rover-Range-Rover-Classic.png|6|Wheeled|1
Land Rover Rear Left Door|Land-Rover-Rear-Left-Door|https://db.mydayz.eu/wp-content/uploads/2025/08/Land-Rover-Rear-Left-Door.png|7|Vehicle Parts|1
Land Rover Rear Right Door|Land-Rover-Rear-Right-Door|https://db.mydayz.eu/wp-content/uploads/2025/08/Land-Rover-Rear-Right-Door.png|7|Vehicle Parts|1
Land Rover Wheel|Land-Rover-Wheel|https://db.mydayz.eu/wp-content/uploads/2025/08/Land-Rover-Wheel.png|7|Vehicle Parts|1
LAR|FAL|https://db.mydayz.eu/wp-content/uploads/2025/08/FAL.png|0|Assault rifle|0
LAR Lightweight Buttstock|Fal_FoldingBttstck|https://db.mydayz.eu/wp-content/uploads/2025/07/Fal_FoldingBttstck.png|10|Support|0
LAR Polymer Buttstock|Fal_OeBttstck|https://db.mydayz.eu/wp-content/uploads/2025/07/Fal_OeBttstck.png|10|Support|0
Large Gas Canister|LargeGasCanister|https://db.mydayz.eu/wp-content/uploads/2025/07/LargeGasCanister.png|4|Consumables|0
Large Gift Box|GiftBox_Large_1|https://db.mydayz.eu/wp-content/uploads/2025/07/GiftBox_Large_1.png|4|Containers|0
Large Stone|Stone|https://db.mydayz.eu/wp-content/uploads/2025/07/Stone.png|4|Consumables|0
Large Tent|LargeTent|https://db.mydayz.eu/wp-content/uploads/2025/07/LargeTent.png|4|Camping|0
LE-MAS|FAMAS|https://db.mydayz.eu/wp-content/uploads/2025/08/FAMAS.png|0|Assault rifle|0
Leather Backpack|LeatherSack_Black|https://db.mydayz.eu/wp-content/uploads/2025/08/LeatherSack_Black.png|4|Backpacks|0
Leather Belt|Leather-Belt|https://db.mydayz.eu/wp-content/uploads/2025/08/Leather-Belt.png|11|Belts|0
Leather Bottle|WaterPouch_Natural|https://db.mydayz.eu/wp-content/uploads/2025/07/WaterPouch_Natural.png|3|Drinks|0
Leather Duffel Bag|DuffelBagSmall_Green|https://db.mydayz.eu/wp-content/uploads/2025/07/DuffelBagSmall_Green.png|4|Backpacks|0
Leather Gloves|Leather-Gloves|https://db.mydayz.eu/wp-content/uploads/2025/08/Leather-Gloves.png|11|Gloves|0
Leather Hat|LeatherHat_Black|https://db.mydayz.eu/wp-content/uploads/2025/08/LeatherHat_Black.png|11|Headgear|0
Leather Jacket|LeatherJacket_Black|https://db.mydayz.eu/wp-content/uploads/2025/08/LeatherJacket_Black.png|11|Tops|0
Leather Pants|LeatherPants_Black|https://db.mydayz.eu/wp-content/uploads/2025/08/LeatherPants_Black.png|11|Pants|0
Leather Sewing Kit|LeatherSewingKit|https://db.mydayz.eu/wp-content/uploads/2025/07/LeatherSewingKit.png|4|Tools|0
Leather Sheath|LeatherKnifeSheath|https://db.mydayz.eu/wp-content/uploads/2025/07/LeatherKnifeSheath.png|11|Belts|0
Leather Shelter|Leather-Shelter|https://db.mydayz.eu/wp-content/uploads/2025/07/Leather-Shelter.png|4|Camping|0
Leather Shirt|LeatherShirt_Natural|https://db.mydayz.eu/wp-content/uploads/2025/08/LeatherShirt_Natural.png|11|Tops|0
Leather Shoes|LeatherShoes_Black|https://db.mydayz.eu/wp-content/uploads/2025/08/LeatherShoes_Black.png|11|Shoes|0
Leather Vest|LeatherStorageVest_Black|https://db.mydayz.eu/wp-content/uploads/2025/08/LeatherStorageVest_Black.png|11|Vests|0
LeeEnfield Magazine 10rnd|LeeEnfield-Magazine-10rnd|https://db.mydayz.eu/wp-content/uploads/2025/08/LeeEnfield-Magazine-10rnd.png|1|Magazine|1
Liberty Cap|PsilocybeMushroom|https://db.mydayz.eu/wp-content/uploads/2025/07/PsilocybeMushroom.png|3|Food|0
Light Bark|Light-Bark|https://db.mydayz.eu/wp-content/uploads/2025/07/Light-Bark.png|4|Consumables|0
Lighter|PetrolLighter|https://db.mydayz.eu/wp-content/uploads/2025/07/PetrolLighter.png|4|Cooking|0
Lithium Battery|Lithium-Battery|https://db.mydayz.eu/wp-content/uploads/2025/08/Lithium-Battery.png|4|Consumables|1
Liver Pate|Pate|https://db.mydayz.eu/wp-content/uploads/2025/07/Pate.png|3|Food|0
Lock Pick|Lockpick|https://db.mydayz.eu/wp-content/uploads/2025/07/Lockpick.png|4|Tools|0
Long Stick|LongWoodenStick|https://db.mydayz.eu/wp-content/uploads/2025/08/LongWoodenStick.png|5|Crafting|0
Longhorn|LongHorn|https://db.mydayz.eu/wp-content/uploads/2025/08/LongHorn.png|0|Pistols|0
Lumber Pile|PileOfWoodenPlanks|https://db.mydayz.eu/wp-content/uploads/2025/07/PileOfWoodenPlanks.png|4|Consumables|0
Lunchmeat|Lunchmeat|https://db.mydayz.eu/wp-content/uploads/2025/07/Lunchmeat.png|3|Food|0
M1 Garand|M1-Garand|https://db.mydayz.eu/wp-content/uploads/2025/08/M1-Garand.png|0|DMR|1
M1025|Offroad_02|https://db.mydayz.eu/wp-content/uploads/2025/07/Offroad_02.png|6|Wheeled|0
M1025 Front Left Door|Offroad_02_Door_1_1|https://db.mydayz.eu/wp-content/uploads/2025/07/Offroad_02_Door_1_1.png|7|Vehicle Parts|0
M1025 Front Right Door|Offroad_02_Door_2_1|https://db.mydayz.eu/wp-content/uploads/2025/07/Offroad_02_Door_2_1.png|7|Vehicle Parts|0
M1025 Hood|Offroad_02_Hood|https://db.mydayz.eu/wp-content/uploads/2025/07/Offroad_02_Hood.png|7|Vehicle Parts|0
M1025 Rear Left Door|Offroad_02_Door_1_2|https://db.mydayz.eu/wp-content/uploads/2025/07/Offroad_02_Door_1_2.png|7|Vehicle Parts|0
M1025 Rear Right Door|Offroad_02_Door_2_2|https://db.mydayz.eu/wp-content/uploads/2025/07/Offroad_02_Door_2_2.png|7|Vehicle Parts|0
M1025 Trunk Door|Offroad_02_Trunk|https://db.mydayz.eu/wp-content/uploads/2025/07/Offroad_02_Trunk.png|7|Vehicle Parts|0
M1025 Wheel|Offroad_02_Wheel|https://db.mydayz.eu/wp-content/uploads/2025/07/Offroad_02_Wheel.png|7|Vehicle Parts|0
M107 Magazine|M107-Magazine|https://db.mydayz.eu/wp-content/uploads/2025/08/M107-Magazine.png|1|Magazine|1
M107A1|M107A1|https://db.mydayz.eu/wp-content/uploads/2025/08/M107A1.png|0|DMR|1
M107A1 Compensated|M107A1-Compensated|https://db.mydayz.eu/wp-content/uploads/2025/08/M107A1-Compensated.png|0|DMR|1
M107A1 Suppressor|M107A1-Suppressor|https://db.mydayz.eu/wp-content/uploads/2025/08/M107A1-Suppressor.png|10|Muzzle|1
M16-A2|M16A2|https://db.mydayz.eu/wp-content/uploads/2025/08/M16A2.png|0|Assault rifle|0
M200 Compensator|M200-Compensator|https://db.mydayz.eu/wp-content/uploads/2025/08/M200-Compensator.png|10|Muzzle|1
M200 Magazine 7rnd|M200-Magazine-7rnd|https://db.mydayz.eu/wp-content/uploads/2025/08/M200-Magazine-7rnd.png|1|Magazine|1
M203|M203|https://db.mydayz.eu/wp-content/uploads/2025/08/M203.png|0|Launcher|0
M24|M24|https://db.mydayz.eu/wp-content/uploads/2025/08/M24.png|0|Bolt Action|1
M24 Magazine 5 rounds|M24-Magazine-5-rounds|https://db.mydayz.eu/wp-content/uploads/2025/08/M24-Magazine-5-rounds.png|1|Magazine|1
M24A2 SWS|M24A2-SWS|https://db.mydayz.eu/wp-content/uploads/2025/08/M24A2-SWS.png|0|Bolt Action|1
M30 Luftwaffe Drilling|M30-Luftwaffe-Drilling|https://db.mydayz.eu/wp-content/uploads/2025/08/M30-Luftwaffe-Drilling.png|0|Shotguns|1
M3S Covered|M3S_Covered|https://db.mydayz.eu/wp-content/uploads/2025/07/M3S_Covered.png|6|Wheeled|0
M3S Dual Wheel|M3S-Dual-Wheel|https://db.mydayz.eu/wp-content/uploads/2025/07/M3S-Dual-Wheel.png|7|Vehicle Parts|0
M3S Hood|Truck_01_Hood|https://db.mydayz.eu/wp-content/uploads/2025/07/Truck_01_Hood.png|7|Vehicle Parts|0
M3S Left Door|Truck_01_Door_1_1|https://db.mydayz.eu/wp-content/uploads/2025/07/Truck_01_Door_1_1.png|7|Vehicle Parts|0
M3S Right Door|M3S-Right-Door|https://db.mydayz.eu/wp-content/uploads/2025/07/M3S-Right-Door.png|7|Vehicle Parts|0
M3S Wheel|Truck_01_Wheel|https://db.mydayz.eu/wp-content/uploads/2025/07/Truck_01_Wheel.png|7|Vehicle Parts|0
M4-A1|M4A1|https://db.mydayz.eu/wp-content/uploads/2025/08/M4A1.png|0|Assault rifle|0
M4-A1 Bayonet|M9A1_Bayonet|https://db.mydayz.eu/wp-content/uploads/2025/07/M9A1_Bayonet.png|10|Muzzle|0
M4-A1 Carry Handle Sights|M4_CarryHandleOptic|https://db.mydayz.eu/wp-content/uploads/2025/07/M4_CarryHandleOptic.png|10|Optics|0
M4-A1 CQB Buttstock|M4_CQBBttstck|https://db.mydayz.eu/wp-content/uploads/2025/07/M4_CQBBttstck.png|10|Support|0
M4-A1 MP Buttstock|M4_MPBttstck|https://db.mydayz.eu/wp-content/uploads/2025/07/M4_MPBttstck.png|10|Support|0
M4-A1 MP Handguard|M4_MPHndgrd|https://db.mydayz.eu/wp-content/uploads/2025/07/M4_MPHndgrd.png|10|Support|0
M4-A1 Polymer Handguard|M4_PlasticHndgrd|https://db.mydayz.eu/wp-content/uploads/2025/07/M4_PlasticHndgrd.png|10|Support|0
M4-A1 Rail Handguard|M4_RISHndgrd|https://db.mydayz.eu/wp-content/uploads/2025/07/M4_RISHndgrd.png|10|Support|0
M4-A1 Telescopic Buttstock|M4_OEBttstck|https://db.mydayz.eu/wp-content/uploads/2025/07/M4_OEBttstck.png|10|Support|0
M70 Tundra|Winchester70|https://db.mydayz.eu/wp-content/uploads/2025/08/Winchester70.png|0|Bolt Action|0
M79|M79|https://db.mydayz.eu/wp-content/uploads/2025/08/M79.png|0|Launcher|0
M82 Magazine 5rnd|M82-Magazine-5rnd|https://db.mydayz.eu/wp-content/uploads/2025/08/M82-Magazine-5rnd.png|1|Magazine|1
Mace|Mace|https://db.mydayz.eu/wp-content/uploads/2025/07/Mace.png|4|Tools|0
Machete|Machete|https://db.mydayz.eu/wp-content/uploads/2025/08/Machete.png|9|Blade|0
Mackerel|Mackerel|https://db.mydayz.eu/wp-content/uploads/2025/07/Mackerel.png|3|Food|0
Mackerel Fillet|MackerelFilletMeat|https://db.mydayz.eu/wp-content/uploads/2025/07/MackerelFilletMeat.png|3|Food|0
Mad Monk Kvass|Mad-Monk-Kvass|https://db.mydayz.eu/wp-content/uploads/2025/07/Mad-Monk-Kvass.png|3|Drinks|0
Marksman Scope|MK4Optic_Black|https://db.mydayz.eu/wp-content/uploads/2025/07/MK4Optic_Black.png|10|Optics|0
Marlin 30|Marlin-30|https://db.mydayz.eu/wp-content/uploads/2025/08/Marlin-30.png|0|Bolt Action|1
Matches|Matchbox|https://db.mydayz.eu/wp-content/uploads/2025/07/Matchbox.png|4|Consumables|0
Meat Tenderizer|MeatTenderizer|https://db.mydayz.eu/wp-content/uploads/2025/07/MeatTenderizer.png|4|Tools|0
Medical Splint|Medical-Splint|https://db.mydayz.eu/wp-content/uploads/2025/08/Medical-Splint.png|2|Medical|1
Medical Thermometer|Thermometer|https://db.mydayz.eu/wp-content/uploads/2025/07/Thermometer.png|2|Medical|0
Medieval Boots|MedievalBoots|https://db.mydayz.eu/wp-content/uploads/2025/08/MedievalBoots.png|11|Shoes|0
Medium Gas Canister|MediumGasCanister|https://db.mydayz.eu/wp-content/uploads/2025/07/MediumGasCanister.png|4|Consumables|0
Medium Gift Box|GiftBox_Medium_1|https://db.mydayz.eu/wp-content/uploads/2025/07/GiftBox_Medium_1.png|4|Containers|0
Medium Tent|MediumTent|https://db.mydayz.eu/wp-content/uploads/2025/07/MediumTent.png|4|Camping|0
Megaphone|Megaphone|https://db.mydayz.eu/wp-content/uploads/2025/07/Megaphone.png|4|Radio|0
Mens Suit Jacket|ManSuit_Black|https://db.mydayz.eu/wp-content/uploads/2025/08/ManSuit_Black.png|11|Tops|0
Mercedes 250 Front Left Door|Mercedes-250-Front-Left-Door|https://db.mydayz.eu/wp-content/uploads/2025/08/Mercedes-250-Front-Left-Door.png|7|Vehicle Parts|1
Mercedes 250 Front Right Door|Mercedes-250-Front-Right-Door|https://db.mydayz.eu/wp-content/uploads/2025/08/Mercedes-250-Front-Right-Door.png|7|Vehicle Parts|1
Mercedes 250 Rear Left Door|Mercedes-250-Rear-Left-Door|https://db.mydayz.eu/wp-content/uploads/2025/08/Mercedes-250-Rear-Left-Door.png|7|Vehicle Parts|1
Mercedes 250 Rear Right Door|Mercedes-250-Rear-Right-Door|https://db.mydayz.eu/wp-content/uploads/2025/08/Mercedes-250-Rear-Right-Door.png|7|Vehicle Parts|1
Mercedes 250 Trunk Door|Mercedes-250-Trunk-Door|https://db.mydayz.eu/wp-content/uploads/2025/08/Mercedes-250-Trunk-Door.png|7|Vehicle Parts|1
Mercedes 250 W123|mercedes-250-w123|https://db.mydayz.eu/wp-content/uploads/2025/08/mercedes-250-w123.png|6|Wheeled|1
Mercedes 250 Wheel|Mercedes-250-Wheel|https://db.mydayz.eu/wp-content/uploads/2025/08/Mercedes-250-Wheel.png|7|Vehicle Parts|1
Metal Wire|MetalWire|https://db.mydayz.eu/wp-content/uploads/2025/08/MetalWire.png|5|Crafting|0
Military Binocular|Military-Binocular|https://db.mydayz.eu/wp-content/uploads/2025/08/Military-Binocular.png|4|Universal Optics|1
Milki Chocolate|Milki-Chocolate|https://db.mydayz.eu/wp-content/uploads/2025/08/Milki-Chocolate.png|3|Food|1
Mime Mask|MimeMask_Male|https://db.mydayz.eu/wp-content/uploads/2025/08/MimeMask_Male.png|11|Masks|0
Mini Sights|FNP45_MRDSOptic|https://db.mydayz.eu/wp-content/uploads/2025/07/FNP45_MRDSOptic.png|10|Optics|0
Mk 14 EBR|Mk-14-EBR|https://db.mydayz.eu/wp-content/uploads/2025/08/Mk-14-EBR.png|0|DMR|1
MK 48 Buttstock|MK-48-Buttstock|https://db.mydayz.eu/wp-content/uploads/2025/08/MK-48-Buttstock.png|10|Support|1
Mk 48 Mod 0|MK-48-Mod-0|https://db.mydayz.eu/wp-content/uploads/2025/08/MK-48-Mod-0.png|0|Machine Gun|1
MK II|MKII|https://db.mydayz.eu/wp-content/uploads/2025/08/MKII.png|0|Pistols|0
MKGS Banshee|MKGS-Banshee|https://db.mydayz.eu/wp-content/uploads/2025/08/MKGS-Banshee.png|0|Assault rifle|1
Mlock-91|Glock19|https://db.mydayz.eu/wp-content/uploads/2025/08/Glock19.png|0|Pistols|0
Model 107 Muzzle Brake Kit|Model-107-Muzzle-Brake-Kit|https://db.mydayz.eu/wp-content/uploads/2025/08/Model-107-Muzzle-Brake-Kit.png|10|Muzzle|1
Model 82A1 Muzzle Brake Kit|Model-82A1-Muzzle-Brake-Kit|https://db.mydayz.eu/wp-content/uploads/2025/08/Model-82A1-Muzzle-Brake-Kit.png|10|Muzzle|1
Morozko Hat|MorozkoHat|https://db.mydayz.eu/wp-content/uploads/2025/08/MorozkoHat.png|11|Headgear|0
Morphine Auto-Injector|Morphine|https://db.mydayz.eu/wp-content/uploads/2025/07/Morphine.png|2|Medical|0
Mosin 91/30|Mosin9130|https://db.mydayz.eu/wp-content/uploads/2025/08/Mosin9130.png|0|Bolt Action|0
Mosin 91/30 Bayonet|Mosin_Bayonet|https://db.mydayz.eu/wp-content/uploads/2025/07/Mosin_Bayonet.png|10|Muzzle|0
Mosin 91/30 Compensator|Mosin_Compensator|https://db.mydayz.eu/wp-content/uploads/2025/07/Mosin_Compensator.png|10|Muzzle|0
Moss 590 Mariner|Moss-590-Mariner|https://db.mydayz.eu/wp-content/uploads/2025/08/Moss-590-Mariner.png|0|Shotguns|1
Mossberg 500 Tactical|Mossberg-500-Tactical|https://db.mydayz.eu/wp-content/uploads/2025/08/Mossberg-500-Tactical.png|0|Shotguns|1
Motor Oil|EngineOil|https://db.mydayz.eu/wp-content/uploads/2025/07/EngineOil.png|7|Parts|0
Motorbike Helmet|DarkMotoHelmet_Green|https://db.mydayz.eu/wp-content/uploads/2025/08/DarkMotoHelmet_Green.png|11|Headgear|0
Motorbike Helmet|DarkMotoHelmet_YellowScarred|https://db.mydayz.eu/wp-content/uploads/2025/08/DarkMotoHelmet_YellowScarred.png|11|Headgear|0
Motorbike Helmet|MotoHelmet_Black|https://db.mydayz.eu/wp-content/uploads/2025/08/MotoHelmet_Black.png|11|Headgear|0
Mountain Backpack|MountainBag_Green|https://db.mydayz.eu/wp-content/uploads/2025/08/MountainBag_Green.png|4|Backpacks|0
MP40|MP40|https://db.mydayz.eu/wp-content/uploads/2025/08/MP40.png|0|Sub Machine Gun|1
MP40 Mag 40Rnd|MP40-Mag-40Rnd|https://db.mydayz.eu/wp-content/uploads/2025/08/MP40-Mag-40Rnd.png|1|Magazine|1
MP7A1 Mag 20Rnd|MP7A1-Mag-20Rnd|https://db.mydayz.eu/wp-content/uploads/2025/08/MP7A1-Mag-20Rnd.png|1|Magazine|1
MRE Ration 300g|MRE-Ration-300g|https://db.mydayz.eu/wp-content/uploads/2025/08/MRE-Ration-300g.png|3|Food|1
MRE Ration 700g|MRE-Ration-700g|https://db.mydayz.eu/wp-content/uploads/2025/08/MRE-Ration-700g.png|3|Food|1
Multivitamin Pills|VitaminBottle|https://db.mydayz.eu/wp-content/uploads/2025/07/VitaminBottle.png|2|Medical|0
Mutton Steak|SheepSteakMeat|https://db.mydayz.eu/wp-content/uploads/2025/07/SheepSteakMeat.png|3|Food|0
Nailed Bat|NailedBaseballBat|https://db.mydayz.eu/wp-content/uploads/2025/08/NailedBaseballBat.png|9|Blunt|0
Nails|Nail|https://db.mydayz.eu/wp-content/uploads/2025/07/Nail.png|4|Consumables|0
Navy Uniform Jacket|NavyUniformJacket|https://db.mydayz.eu/wp-content/uploads/2025/08/NavyUniformJacket.png|11|Tops|0
Navy Uniform Pants|NavyUniformPants|https://db.mydayz.eu/wp-content/uploads/2025/08/NavyUniformPants.png|11|Pants|0
NBC Boots|NBCBootsGray|https://db.mydayz.eu/wp-content/uploads/2025/08/NBCBootsGray.png|11|Shoes|0
NBC Gloves|NBCGlovesGray|https://db.mydayz.eu/wp-content/uploads/2025/07/NBCGlovesGray.png|11|Gloves|0
NBC Hood|NBCHoodGray|https://db.mydayz.eu/wp-content/uploads/2025/08/NBCHoodGray.png|11|Headgear|0
NBC Jacket|NBCJacketGray|https://db.mydayz.eu/wp-content/uploads/2025/08/NBCJacketGray.png|11|Tops|0
NBC Pants|NBCPantsGray|https://db.mydayz.eu/wp-content/uploads/2025/08/NBCPantsGray.png|11|Pants|0
NBC Respirator|AirborneMask|https://db.mydayz.eu/wp-content/uploads/2025/08/AirborneMask.png|11|Masks|0
Netting|Netting|https://db.mydayz.eu/wp-content/uploads/2025/07/Netting.png|4|Consumables|0
Night Vision Binocular|Night-Vision-Binocular|https://db.mydayz.eu/wp-content/uploads/2025/08/Night-Vision-Binocular.png|4|Universal Optics|1
Night Vision Goggles|NVGoggles|https://db.mydayz.eu/wp-content/uploads/2025/08/NVGoggles.png|11|Glasses|0
Normalized Suppressor|AK_Suppressor|https://db.mydayz.eu/wp-content/uploads/2025/07/AK_Suppressor.png|10|Muzzle|0
Norse Helm|NorseHelm|https://db.mydayz.eu/wp-content/uploads/2025/08/NorseHelm.png|11|Headgear|0
Nota Cola|SodaCan_Cola|https://db.mydayz.eu/wp-content/uploads/2025/07/SodaCan_Cola.png|3|Drinks|0
Nurse Dress|NurseDress_White|https://db.mydayz.eu/wp-content/uploads/2025/08/NurseDress_White.png|11|Tops|0
NV-PVS4 Scope|StarlightOptic|https://db.mydayz.eu/wp-content/uploads/2025/07/StarlightOptic.png|10|Optics|0
NVG Headstrap|NVGHeadstrap|https://db.mydayz.eu/wp-content/uploads/2025/08/NVGHeadstrap.png|11|Glasses|0
Officer Cap|OfficerHat|https://db.mydayz.eu/wp-content/uploads/2025/08/OfficerHat.png|11|Headgear|0
OKP-3 Optic|OKP-3-Optic|https://db.mydayz.eu/wp-content/uploads/2025/08/OKP-3-Optic.png|10|Optics|1
OKP-7 reflex sight|OKP-7-reflex-sight|https://db.mydayz.eu/wp-content/uploads/2025/08/OKP-7-reflex-sight.png|10|Optics|1
OKZK Cap|OKZKCap_Green|https://db.mydayz.eu/wp-content/uploads/2025/08/OKZKCap_Green.png|11|Headgear|0
Olga 24|CivilianSedan|https://db.mydayz.eu/wp-content/uploads/2025/07/CivilianSedan.png|6|Wheeled|0
Olga 24 Front Left Door|CivSedanDoors_Driver|https://db.mydayz.eu/wp-content/uploads/2025/07/CivSedanDoors_Driver.png|7|Vehicle Parts|0
Olga 24 Front Right Door|CivSedanDoors_CoDriver|https://db.mydayz.eu/wp-content/uploads/2025/07/CivSedanDoors_CoDriver.png|7|Vehicle Parts|0
Olga 24 Hood|CivSedanHood|https://db.mydayz.eu/wp-content/uploads/2025/07/CivSedanHood.png|7|Vehicle Parts|0
Olga 24 Rear Left Door|CivSedanDoors_BackLeft|https://db.mydayz.eu/wp-content/uploads/2025/07/CivSedanDoors_BackLeft.png|7|Vehicle Parts|0
Olga 24 Rear Right Door|CivSedanDoors_BackRight|https://db.mydayz.eu/wp-content/uploads/2025/07/CivSedanDoors_BackRight.png|7|Vehicle Parts|0
Olga 24 Trunk Lid|CivSedanTrunk|https://db.mydayz.eu/wp-content/uploads/2025/07/CivSedanTrunk.png|7|Vehicle Parts|0
Olga 24 Wheel|CivSedanWheel|https://db.mydayz.eu/wp-content/uploads/2025/07/CivSedanWheel.png|7|Vehicle Parts|0
OMK Jacket|OMKJacket_Navy|https://db.mydayz.eu/wp-content/uploads/2025/08/OMKJacket_Navy.png|11|Tops|0
OMK Pants|OMKPants_Navy|https://db.mydayz.eu/wp-content/uploads/2025/08/OMKPants_Navy.png|11|Pants|0
OREL Police Jacket|PoliceJacketOrel|https://db.mydayz.eu/wp-content/uploads/2025/08/PoliceJacketOrel.png|11|Tops|0
OREL Police Pants|PolicePantsOrel|https://db.mydayz.eu/wp-content/uploads/2025/08/PolicePantsOrel.png|11|Pants|0
Oriental Machete|OrientalMachete|https://db.mydayz.eu/wp-content/uploads/2025/08/OrientalMachete.png|9|Blade|0
Orienteering Compass|OrienteeringCompass|https://db.mydayz.eu/wp-content/uploads/2025/07/OrienteeringCompass.png|4|Navigation|0
Oyster Mushroom|PleurotusMushroom|https://db.mydayz.eu/wp-content/uploads/2025/07/PleurotusMushroom.png|3|Food|0
P1|P1|https://db.mydayz.eu/wp-content/uploads/2025/08/P1.png|0|Pistols|0
P1-87-L Scope|KashtanOptic|https://db.mydayz.eu/wp-content/uploads/2025/07/KashtanOptic.png|10|Optics|0
P250 Magazine|P250-Magazine|https://db.mydayz.eu/wp-content/uploads/2025/08/P250-Magazine.png|1|Magazine|1
Packed Pepper Seeds|Packed-Pepper-Seeds|https://db.mydayz.eu/wp-content/uploads/2025/08/Packed-Pepper-Seeds.png|5|Cultivation|0
Packed Pumpkin Seeds|Packed-Pumpkin-Seeds|https://db.mydayz.eu/wp-content/uploads/2025/08/Packed-Pumpkin-Seeds.png|5|Cultivation|0
Packed Tomato Seeds|Packed-Tomato-Seeds|https://db.mydayz.eu/wp-content/uploads/2025/08/Packed-Tomato-Seeds.png|5|Cultivation|0
Packed Zucchini Seeds|Packed-Zucchini-Seeds|https://db.mydayz.eu/wp-content/uploads/2025/08/Packed-Zucchini-Seeds.png|5|Cultivation|0
Padded Gloves|PaddedGloves_Brown|https://db.mydayz.eu/wp-content/uploads/2025/07/PaddedGloves_Brown.png|11|Gloves|0
Pájka|Pajka|https://db.mydayz.eu/wp-content/uploads/2025/07/Pajka.png|3|Food|0
Paper|Paper|https://db.mydayz.eu/wp-content/uploads/2025/07/Paper.png|4|Consumables|0
Paramedic Jacket|ParamedicJacket_Green|https://db.mydayz.eu/wp-content/uploads/2025/08/ParamedicJacket_Green.png|11|Tops|0
Paramedic Pants|ParamedicPants_Green|https://db.mydayz.eu/wp-content/uploads/2025/08/ParamedicPants_Green.png|11|Pants|0
Parasol Mushroom|MacrolepiotaMushroom|https://db.mydayz.eu/wp-content/uploads/2025/07/MacrolepiotaMushroom.png|3|Food|0
Patrol Jacket|GorkaEJacket_Summer|https://db.mydayz.eu/wp-content/uploads/2025/08/GorkaEJacket_Summer.png|11|Tops|0
Patrol Pants|GorkaPants_Summer|https://db.mydayz.eu/wp-content/uploads/2025/08/GorkaPants_Summer.png|11|Pants|0
Pea Coat|WoolCoat_Black|https://db.mydayz.eu/wp-content/uploads/2025/08/WoolCoat_Black.png|11|Tops|0
Pear|Pear|https://db.mydayz.eu/wp-content/uploads/2025/07/Pear.png|3|Food|0
Peeled Potato|Potato|https://db.mydayz.eu/wp-content/uploads/2025/07/Potato.png|3|Food|0
Pen|Pen_Black|https://db.mydayz.eu/wp-content/uploads/2025/07/Pen_Black.png|4|Tools|0
Penny Bun|BoletusMushroom|https://db.mydayz.eu/wp-content/uploads/2025/07/BoletusMushroom.png|3|Food|0
Pepper|GreenBellPepper|https://db.mydayz.eu/wp-content/uploads/2025/07/GreenBellPepper.png|3|Food|0
Pepper Plant|Plant_Pepper|https://db.mydayz.eu/wp-content/uploads/2025/08/Plant_Pepper.png|5|Cultivation|0
Pepper Seeds|Pepper-Seeds|https://db.mydayz.eu/wp-content/uploads/2025/08/Pepper-Seeds.png|5|Cultivation|0
Pepsi|Pepsi|https://db.mydayz.eu/wp-content/uploads/2025/08/Pepsi.png|3|Drinks|1
Petushok Hat|PetushokHat_Black|https://db.mydayz.eu/wp-content/uploads/2025/08/PetushokHat_Black.png|11|Headgear|0
Pickaxe|Pickaxe|https://db.mydayz.eu/wp-content/uploads/2025/08/Pickaxe.png|9|Blade|0
Pig Pelt|Pig-Pelt|https://db.mydayz.eu/wp-content/uploads/2025/07/Pig-Pelt.png|4|Consumables|0
Pilotka|PilotkaCap|https://db.mydayz.eu/wp-content/uploads/2025/08/PilotkaCap.png|11|Headgear|0
Pioneer|Scout|https://db.mydayz.eu/wp-content/uploads/2025/08/Scout.png|0|Bolt Action|0
Pioneer|Scout_Livonia|https://db.mydayz.eu/wp-content/uploads/2025/08/Scout_Livonia.png|0|DMR|0
Pipe|Pipe|https://db.mydayz.eu/wp-content/uploads/2025/07/Pipe.png|4|Tools|0
Pipe Wrench|PipeWrench|https://db.mydayz.eu/wp-content/uploads/2025/08/PipeWrench.png|9|Blunt|0
Pipsi Cola|SodaCan_Pipsi|https://db.mydayz.eu/wp-content/uploads/2025/07/SodaCan_Pipsi.png|3|Drinks|0
Pistol Flashlight|TLRLight|https://db.mydayz.eu/wp-content/uploads/2025/07/TLRLight.png|10|Light|0
Pistol Suppressor|PistolSuppressor|https://db.mydayz.eu/wp-content/uploads/2025/07/PistolSuppressor.png|10|Muzzle|0
Pitchfork|Pitchfork|https://db.mydayz.eu/wp-content/uploads/2025/08/Pitchfork.png|9|Blade|0
Plank|WoodenPlank|https://db.mydayz.eu/wp-content/uploads/2025/07/WoodenPlank.png|4|Consumables|0
Plant Material|PlantMaterial|https://db.mydayz.eu/wp-content/uploads/2025/08/PlantMaterial.png|5|Cultivation|0
Plastic Bottle|WaterBottle|https://db.mydayz.eu/wp-content/uploads/2025/07/WaterBottle.png|3|Drinks|0
Plastic Bottle Suppressor|ImprovisedSuppressor|https://db.mydayz.eu/wp-content/uploads/2025/07/ImprovisedSuppressor.png|10|Muzzle|0
Plastic CocaCola Bottle|Plastic-CocaCola-Bottle|https://db.mydayz.eu/wp-content/uploads/2025/08/Plastic-CocaCola-Bottle.png|3|Drinks|1
Plastic Pepsi Bottle|Plastic-Pepsi-Bottle|https://db.mydayz.eu/wp-content/uploads/2025/08/Plastic-Pepsi-Bottle.png|3|Drinks|1
Plate Carrier|PlateCarrierVest|https://db.mydayz.eu/wp-content/uploads/2025/08/PlateCarrierVest.png|11|Vests|0
Pliers|Pliers|https://db.mydayz.eu/wp-content/uploads/2025/07/Pliers.png|4|Tools|0
Plum|Plum|https://db.mydayz.eu/wp-content/uploads/2025/07/Plum.png|3|Food|0
PO-X Antidote|AntiChemInjector|https://db.mydayz.eu/wp-content/uploads/2025/07/AntiChemInjector.png|2|Medical|0
Police Cap|PoliceCap|https://db.mydayz.eu/wp-content/uploads/2025/08/PoliceCap.png|11|Headgear|0
Police Jacket|PoliceJacket|https://db.mydayz.eu/wp-content/uploads/2025/08/PoliceJacket.png|11|Tops|0
Police Pants|PolicePants|https://db.mydayz.eu/wp-content/uploads/2025/08/PolicePants.png|11|Pants|0
Pop Chocolate|Pop-Chocolate|https://db.mydayz.eu/wp-content/uploads/2025/08/Pop-Chocolate.png|3|Food|1
Pork Steak|PigSteakMeat|https://db.mydayz.eu/wp-content/uploads/2025/07/PigSteakMeat.png|3|Food|0
Potato|Potato|https://db.mydayz.eu/wp-content/uploads/2025/07/Potato.png|5|Cultivation|0
Potato Plant|Potato-Plant|https://db.mydayz.eu/wp-content/uploads/2025/08/Potato-Plant.png|5|Cultivation|0
Pouches|PlateCarrierPouches|https://db.mydayz.eu/wp-content/uploads/2025/07/PlateCarrierPouches.png|4|Containers|0
Powdered Milk|PowderedMilk|https://db.mydayz.eu/wp-content/uploads/2025/07/PowderedMilk.png|3|Food|0
Power Generator|PowerGenerator|https://db.mydayz.eu/wp-content/uploads/2025/07/PowerGenerator.png|4|Camping|0
PPSH-41|PPSH-41|https://db.mydayz.eu/wp-content/uploads/2025/08/PPSH-41.png|0|Sub Machine Gun|1
PPSH-41 71 Rnd. Mag|PPSH-41-71-Rnd.-Mag|https://db.mydayz.eu/wp-content/uploads/2025/08/PPSH-41-71-Rnd.-Mag.png|1|Magazine|1
Prisoner Cap|PrisonerCap|https://db.mydayz.eu/wp-content/uploads/2025/08/PrisonerCap.png|11|Headgear|0
Prisoner Jacket|PrisonUniformJacket|https://db.mydayz.eu/wp-content/uploads/2025/08/PrisonUniformJacket.png|11|Tops|0
Prisoner Pants|PrisonUniformPants|https://db.mydayz.eu/wp-content/uploads/2025/08/PrisonUniformPants.png|11|Pants|0
Protective Case|SmallProtectorCase|https://db.mydayz.eu/wp-content/uploads/2025/07/SmallProtectorCase.png|4|Containers|0
PSO-1 Scope|PSO1Optic|https://db.mydayz.eu/wp-content/uploads/2025/07/PSO1Optic.png|10|Optics|0
PSO-1-1 Scope|PSO11Optic|https://db.mydayz.eu/wp-content/uploads/2025/07/PSO11Optic.png|10|Optics|0
PSO-6 Scope|PSO6Optic|https://db.mydayz.eu/wp-content/uploads/2025/07/PSO6Optic.png|10|Optics|0
PU Scope|PUScopeOptic|https://db.mydayz.eu/wp-content/uploads/2025/07/PUScopeOptic.png|10|Optics|0
Pumpkin|Pumpkin|https://db.mydayz.eu/wp-content/uploads/2025/07/Pumpkin.png|3|Food|0
Pumpkin Plant|Plant_Pumpkin|https://db.mydayz.eu/wp-content/uploads/2025/08/Plant_Pumpkin.png|5|Cultivation|0
Pumpkin Seeds|Pumpkin-Seeds|https://db.mydayz.eu/wp-content/uploads/2025/08/Pumpkin-Seeds.png|5|Cultivation|0
Pumpkin Slices|SlicedPumpkin|https://db.mydayz.eu/wp-content/uploads/2025/07/SlicedPumpkin.png|3|Food|0
Punched Card|PunchedCard|https://db.mydayz.eu/wp-content/uploads/2025/07/PunchedCard.png|4|Consumables|0
Quilted Jacket|QuiltedJacket_Black|https://db.mydayz.eu/wp-content/uploads/2025/08/QuiltedJacket_Black.png|11|Tops|0
R12|R12|https://db.mydayz.eu/wp-content/uploads/2025/08/R12.png|0|Assault rifle|0
Radar Cap|RadarCap_Black|https://db.mydayz.eu/wp-content/uploads/2025/08/RadarCap_Black.png|11|Headgear|0
Rag|MouthRag|https://db.mydayz.eu/wp-content/uploads/2025/08/MouthRag.png|11|Masks|0
Rag|Rag|https://db.mydayz.eu/wp-content/uploads/2025/07/Rag.png|4|Consumables|0
Raincoat|Raincoat_Black|https://db.mydayz.eu/wp-content/uploads/2025/08/Raincoat_Black.png|11|Tops|0
RAK-37|PM73Rak|https://db.mydayz.eu/wp-content/uploads/2025/08/PM73Rak.png|0|Assault rifle|0
Rangefinder|Rangefinder|https://db.mydayz.eu/wp-content/uploads/2025/07/Rangefinder.png|4|Universal Optics|0
Red Caviar|RedCaviar|https://db.mydayz.eu/wp-content/uploads/2025/07/RedCaviar.png|3|Food|0
Red Fox|Red-Fox|https://db.mydayz.eu/wp-content/uploads/2025/07/Red-Fox.png|3|Food|0
Red Pine Mushroom|LactariusMushroom|https://db.mydayz.eu/wp-content/uploads/2025/07/LactariusMushroom.png|3|Food|0
Red Wine|Red-Wine|https://db.mydayz.eu/wp-content/uploads/2025/08/Red-Wine.png|3|Drinks|1
Reflective Vest|ReflexVest|https://db.mydayz.eu/wp-content/uploads/2025/08/ReflexVest.png|11|Vests|0
Reindeer Pelt|Reindeer-Pelt|https://db.mydayz.eu/wp-content/uploads/2025/07/Reindeer-Pelt.png|4|Consumables|0
Reindeer Steak|ReindeerSteakMeat|https://db.mydayz.eu/wp-content/uploads/2025/07/ReindeerSteakMeat.png|3|Food|0
Remington 700|Remington-700|https://db.mydayz.eu/wp-content/uploads/2025/08/Remington-700.png|0|Bolt Action|1
Remington 870|Remington-870|https://db.mydayz.eu/wp-content/uploads/2025/08/Remington-870.png|0|Shotguns|1
Remington700 Mag 10Rnds|Remington700-Mag-10Rnds|https://db.mydayz.eu/wp-content/uploads/2025/08/Remington700-Mag-10Rnds.png|1|Magazine|1
Remote Detonation Unit|RemoteDetonator|https://db.mydayz.eu/wp-content/uploads/2025/07/RemoteDetonator.png|4|Tools|0
Repeater Carbine|Repeater|https://db.mydayz.eu/wp-content/uploads/2025/08/Repeater.png|0|Bolt Action|0
Revolver|Magnum|https://db.mydayz.eu/wp-content/uploads/2025/08/Magnum.png|0|Pistols|0
Rice|Rice|https://db.mydayz.eu/wp-content/uploads/2025/07/Rice.png|3|Food|0
Rider Jacket|RidersJacket_Black|https://db.mydayz.eu/wp-content/uploads/2025/08/RidersJacket_Black.png|11|Tops|0
RK 62|RK-62|https://db.mydayz.eu/wp-content/uploads/2025/08/RK-62.png|0|Assault rifle|1
RM870 Tactical Compensator|RM870-Tactical-Compensator|https://db.mydayz.eu/wp-content/uploads/2025/08/RM870-Tactical-Compensator.png|10|Muzzle|1
Road Flare|Roadflare|https://db.mydayz.eu/wp-content/uploads/2025/07/Roadflare.png|4|Consumables|0
Rooster|DeadRooster|https://db.mydayz.eu/wp-content/uploads/2025/07/DeadRooster.png|3|Food|0
Rope|Rope|https://db.mydayz.eu/wp-content/uploads/2025/08/Rope.png|5|Crafting|0
Rope Belt|RopeBelt|https://db.mydayz.eu/wp-content/uploads/2025/07/RopeBelt.png|11|Belts|0
Rose Hips|CaninaBerry|https://db.mydayz.eu/wp-content/uploads/2025/07/CaninaBerry.png|3|Food|0
RPG-7 Rocket|RPG-7-Rocket|https://db.mydayz.eu/wp-content/uploads/2025/08/RPG-7-Rocket.png|1|Ammunition|1
RPK|RPK|https://db.mydayz.eu/wp-content/uploads/2025/08/RPK.png|0|Machine Gun|1
RPK-16 DrumMag 96Rnd|RPK-16-DrumMag-96Rnd|https://db.mydayz.eu/wp-content/uploads/2025/08/RPK-16-DrumMag-96Rnd.png|1|Magazine|1
RPK16|RPK16|https://db.mydayz.eu/wp-content/uploads/2025/08/RPK16.png|0|Machine Gun|1
RSASS|RSASS|https://db.mydayz.eu/wp-content/uploads/2025/08/RSASS.png|0|DMR|1
Rubber Boat|Boat_01_Black|https://db.mydayz.eu/wp-content/uploads/2025/07/Boat_01_Black.png|6|Water|0
Running Shoes|JoggingShoes_Blue|https://db.mydayz.eu/wp-content/uploads/2025/08/JoggingShoes_Blue.png|11|Shoes|0
RVN Sights|M4_T3NRDSOptic|https://db.mydayz.eu/wp-content/uploads/2025/07/M4_T3NRDSOptic.png|10|Optics|0
SA80|SA80|https://db.mydayz.eu/wp-content/uploads/2025/08/SA80.png|0|Assault rifle|1
Saiga 9K|Saiga-9K|https://db.mydayz.eu/wp-content/uploads/2025/08/Saiga-9K.png|0|Shotguns|1
Saiga 9k Buttstock|Saiga-9k-Buttstock|https://db.mydayz.eu/wp-content/uploads/2025/08/Saiga-9k-Buttstock.png|10|Support|1
Saiga 9k Handguard|Saiga-9k-Handguard|https://db.mydayz.eu/wp-content/uploads/2025/08/Saiga-9k-Handguard.png|10|Support|1
Saiga9k Mag 30Rnd|Saiga9k-Mag-30Rnd|https://db.mydayz.eu/wp-content/uploads/2025/08/Saiga9k-Mag-30Rnd.png|1|Magazine|1
Salewa|Salewa|https://db.mydayz.eu/wp-content/uploads/2025/08/Salewa.png|2|Medical|1
Saline Bag|SalineBag|https://db.mydayz.eu/wp-content/uploads/2025/07/SalineBag.png|2|Medical|0
Salty Sticks|SaltySticks|https://db.mydayz.eu/wp-content/uploads/2025/07/SaltySticks.png|3|Food|0
Santa Beard|SantasBeard|https://db.mydayz.eu/wp-content/uploads/2025/08/SantasBeard.png|11|Masks|0
Santa Hat|SantasHat|https://db.mydayz.eu/wp-content/uploads/2025/08/SantasHat.png|11|Headgear|0
Sardines|Sardines|https://db.mydayz.eu/wp-content/uploads/2025/07/Sardines.png|3|Food|0
Sarka 120|Sedan_02|https://db.mydayz.eu/wp-content/uploads/2025/07/Sedan_02.png|6|Wheeled|0
Sarka 120 Front Left Door|Sedan_02_Door_1_1|https://db.mydayz.eu/wp-content/uploads/2025/07/Sedan_02_Door_1_1.png|7|Vehicle Parts|0
Sarka 120 Front Right Door|Sarka-120-Front-Right-Door|https://db.mydayz.eu/wp-content/uploads/2025/07/Sarka-120-Front-Right-Door.png|7|Vehicle Parts|0
Sarka 120 Hood|Sedan_02_Hood|https://db.mydayz.eu/wp-content/uploads/2025/07/Sedan_02_Hood.png|7|Vehicle Parts|0
Sarka 120 Rear Left Door|Sarka-120-Rear-Left-Door|https://db.mydayz.eu/wp-content/uploads/2025/07/Sarka-120-Rear-Left-Door.png|7|Vehicle Parts|0
Sarka 120 Rear Right Door|Sarka-120-Rear-Right-Door|https://db.mydayz.eu/wp-content/uploads/2025/07/Sarka-120-Rear-Right-Door.png|7|Vehicle Parts|0
Sarka 120 Trunk Door|Sedan_02_Trunk|https://db.mydayz.eu/wp-content/uploads/2025/07/Sedan_02_Trunk.png|7|Vehicle Parts|0
Sarka 120 Wheel|Sedan_02_Wheel|https://db.mydayz.eu/wp-content/uploads/2025/07/Sedan_02_Wheel.png|7|Vehicle Parts|0
Sawed-off BK-12|SawedoffIzh18Shotgun|https://db.mydayz.eu/wp-content/uploads/2025/08/SawedoffIzh18Shotgun.png|0|Shotguns|0
Sawed-off BK-18|SawedoffIzh18|https://db.mydayz.eu/wp-content/uploads/2025/08/SawedoffIzh18.png|0|Shotguns|0
Sawed-off BK-43|SawedoffIzh43Shotgun|https://db.mydayz.eu/wp-content/uploads/2025/08/SawedoffIzh43Shotgun.png|0|Shotguns|0
Sawed-off Blaze|SawedoffB95|https://db.mydayz.eu/wp-content/uploads/2025/08/SawedoffB95.png|0|Shotguns|0
Sawed-off LE-MAS|SawedoffFAMAS|https://db.mydayz.eu/wp-content/uploads/2025/08/SawedoffFAMAS.png|0|Assault rifle|0
Sawed-off Mosin 91/30|SawedoffMosin9130|https://db.mydayz.eu/wp-content/uploads/2025/08/SawedoffMosin9130.png|0|Bolt Action|0
Sawed-off Revolver|SawedoffMagnum|https://db.mydayz.eu/wp-content/uploads/2025/08/SawedoffMagnum.png|0|Pistols|0
Scar-H PR|Scar-H-PR|https://db.mydayz.eu/wp-content/uploads/2025/08/Scar-H-PR.png|0|Assault rifle|1
Scar-L|Scar-L|https://db.mydayz.eu/wp-content/uploads/2025/08/Scar-L.png|0|Assault rifle|1
School Backpack|ChildBag_Green|https://db.mydayz.eu/wp-content/uploads/2025/07/ChildBag_Green.png|4|Backpacks|0
Scientific Briefcase|ScientificBriefcase|https://db.mydayz.eu/wp-content/uploads/2025/07/ScientificBriefcase.png|4|Containers|0
Scientific Briefcase Keys|ScientificBriefcaseKeys|https://db.mydayz.eu/wp-content/uploads/2025/07/ScientificBriefcaseKeys.png|4|Tools|0
Screwdriver|Screwdriver|https://db.mydayz.eu/wp-content/uploads/2025/07/Screwdriver.png|4|Tools|0
Scrub Hat|MedicalScrubsHat_Green|https://db.mydayz.eu/wp-content/uploads/2025/08/MedicalScrubsHat_Green.png|11|Headgear|0
Scrub Pants|MedicalScrubsPants_Green|https://db.mydayz.eu/wp-content/uploads/2025/08/MedicalScrubsPants_Green.png|11|Pants|0
Scrub T-Shirt|MedicalScrubsShirt_Green|https://db.mydayz.eu/wp-content/uploads/2025/08/MedicalScrubsShirt_Green.png|11|Tops|0
Sea Chest|SeaChest|https://db.mydayz.eu/wp-content/uploads/2025/07/SeaChest.png|4|Camping|0
Sewing Kit|SewingKit|https://db.mydayz.eu/wp-content/uploads/2025/07/SewingKit.png|4|Tools|0
SG5-K|MP5K|https://db.mydayz.eu/wp-content/uploads/2025/08/MP5K.png|0|Sub Machine Gun|0
SG5-K Compensator|MP5_Compensator|https://db.mydayz.eu/wp-content/uploads/2025/07/MP5_Compensator.png|10|Muzzle|0
SG5-K Lightweight Buttstock|MP5k_StockBttstck|https://db.mydayz.eu/wp-content/uploads/2025/07/MP5k_StockBttstck.png|10|Support|0
SG5-K Polymer Handguard|MP5_PlasticHndgrd|https://db.mydayz.eu/wp-content/uploads/2025/07/MP5_PlasticHndgrd.png|10|Support|0
SG5-K Rail Handguard|MP5_RailHndgrd|https://db.mydayz.eu/wp-content/uploads/2025/07/MP5_RailHndgrd.png|10|Support|0
Sharpened Stick|SharpWoodenStick|https://db.mydayz.eu/wp-content/uploads/2025/08/SharpWoodenStick.png|5|Crafting|0
Sharpening Stone|Whetstone|https://db.mydayz.eu/wp-content/uploads/2025/07/Whetstone.png|4|Tools|0
Sheath|NylonKnifeSheath|https://db.mydayz.eu/wp-content/uploads/2025/07/NylonKnifeSheath.png|11|Belts|0
Sheep Pelt|Sheep-Pelt|https://db.mydayz.eu/wp-content/uploads/2025/07/Sheep-Pelt.png|4|Consumables|0
Sheet Metal|MetalPlate|https://db.mydayz.eu/wp-content/uploads/2025/07/MetalPlate.png|4|Consumables|0
Shelter Kit|ShelterKit|https://db.mydayz.eu/wp-content/uploads/2025/07/ShelterKit.png|4|Camping|0
Shemagh|Shemag_Green|https://db.mydayz.eu/wp-content/uploads/2025/08/Shemag_Green.png|11|Headgear|0
Sherpa Hat|SherpaHat_Black|https://db.mydayz.eu/wp-content/uploads/2025/08/SherpaHat_Black.png|11|Headgear|0
Shirt|Shirt_BlueCheck|https://db.mydayz.eu/wp-content/uploads/2025/08/Shirt_BlueCheck.png|11|Tops|0
Shirt|Shirt_GreenCheck|https://db.mydayz.eu/wp-content/uploads/2025/08/Shirt_GreenCheck.png|11|Tops|0
Shirt|Shirt_PlaneBlack|https://db.mydayz.eu/wp-content/uploads/2025/08/Shirt_PlaneBlack.png|11|Tops|0
Shirt|Shirt_WhiteCheck|https://db.mydayz.eu/wp-content/uploads/2025/08/Shirt_WhiteCheck.png|11|Tops|0
Short Stick|WoodenStick|https://db.mydayz.eu/wp-content/uploads/2025/08/WoodenStick.png|5|Crafting|0
Shotgun Suppressor|Shotgun-Suppressor|https://db.mydayz.eu/wp-content/uploads/2025/08/Shotgun-Suppressor.png|10|Muzzle|1
Shovel|Shovel|https://db.mydayz.eu/wp-content/uploads/2025/07/Shovel.png|4|Tools|0
Shrimp|Shrimp|https://db.mydayz.eu/wp-content/uploads/2025/07/Shrimp.png|3|Food|0
Sickle|Sickle|https://db.mydayz.eu/wp-content/uploads/2025/07/Sickle.png|4|Tools|0
Sig Sauer Juliet4|Sig-Sauer-Juliet4|https://db.mydayz.eu/wp-content/uploads/2025/08/Sig-Sauer-Juliet4.png|10|Optics|1
SIG Sauer P250|SIG-Sauer-P250|https://db.mydayz.eu/wp-content/uploads/2025/08/SIG-Sauer-P250.png|0|Pistols|1
Sig Sauer Romeo7|Sig-Sauer-Romeo7|https://db.mydayz.eu/wp-content/uploads/2025/08/Sig-Sauer-Romeo7.png|10|Optics|1
Sig Sauer Tango Optic|Sig-Sauer-Tango-Optic|https://db.mydayz.eu/wp-content/uploads/2025/08/Sig-Sauer-Tango-Optic.png|10|Optics|1
Signal Pistol|Flaregun|https://db.mydayz.eu/wp-content/uploads/2025/08/Flaregun.png|0|Assault rifle|0
Simple Fishing Rod|ImprovisedFishingRod|https://db.mydayz.eu/wp-content/uploads/2025/07/ImprovisedFishingRod.png|4|Tools|0
Simple Hatchet|Simple-Hatchet|https://db.mydayz.eu/wp-content/uploads/2025/08/Simple-Hatchet.png|9|Blade|1
SK 59/66|SKS|https://db.mydayz.eu/wp-content/uploads/2025/08/SKS.png|0|DMR|0
SK 59/66 Bayonet|SKS_Bayonet|https://db.mydayz.eu/wp-content/uploads/2025/07/SKS_Bayonet.png|10|Muzzle|0
Skate Helmet|SkateHelmet_Black|https://db.mydayz.eu/wp-content/uploads/2025/08/SkateHelmet_Black.png|11|Headgear|0
Ski Gloves|SkiGloves_90s|https://db.mydayz.eu/wp-content/uploads/2025/07/SkiGloves_90s.png|11|Gloves|0
Ski Goggles|SkiGoggles_WhiteClear|https://db.mydayz.eu/wp-content/uploads/2025/08/SkiGoggles_WhiteClear.png|11|Glasses|0
Ski Mask|BalaclavaMask_Black|https://db.mydayz.eu/wp-content/uploads/2025/08/BalaclavaMask_Black.png|11|Masks|0
Sledgehammer|SledgeHammer|https://db.mydayz.eu/wp-content/uploads/2025/07/SledgeHammer.png|4|Tools|0
Slim Glasses|ThinFramesGlasses|https://db.mydayz.eu/wp-content/uploads/2025/08/ThinFramesGlasses.png|11|Glasses|0
Sling Bag|SlingBag_Black|https://db.mydayz.eu/wp-content/uploads/2025/07/SlingBag_Black.png|4|Backpacks|0
Small Fish Trap|SmallFishTrap|https://db.mydayz.eu/wp-content/uploads/2025/08/SmallFishTrap.png|4|Traps|0
Small Gas Canister|SmallGasCanister|https://db.mydayz.eu/wp-content/uploads/2025/07/SmallGasCanister.png|4|Consumables|0
Small Gift Box|GiftBox_Small_1|https://db.mydayz.eu/wp-content/uploads/2025/07/GiftBox_Small_1.png|4|Containers|0
Small Stone|SmallStone|https://db.mydayz.eu/wp-content/uploads/2025/07/SmallStone.png|4|Consumables|0
Snare Trap|RabbitSnareTrap|https://db.mydayz.eu/wp-content/uploads/2025/08/RabbitSnareTrap.png|4|Traps|0
Sneakers|Sneakers_Black|https://db.mydayz.eu/wp-content/uploads/2025/08/Sneakers_Black.png|11|Shoes|0
Sniper Rifle Suppressor|Sniper-Rifle-Suppressor|https://db.mydayz.eu/wp-content/uploads/2025/08/Sniper-Rifle-Suppressor.png|10|Muzzle|1
Snowstorm Ushanka|SnowstormUshanka_Brown|https://db.mydayz.eu/wp-content/uploads/2025/08/SnowstormUshanka_Brown.png|11|Headgear|0
Sodium Bicarbonate Vial|InjectionVial|https://db.mydayz.eu/wp-content/uploads/2025/07/InjectionVial.png|2|Medical|0
Spark Plug|SparkPlug|https://db.mydayz.eu/wp-content/uploads/2025/07/SparkPlug.png|7|Parts|0
Spite Lemonade|SodaCan_Spite|https://db.mydayz.eu/wp-content/uploads/2025/07/SodaCan_Spite.png|3|Drinks|0
Splint|Splint|https://db.mydayz.eu/wp-content/uploads/2025/07/Splint.png|2|Medical|0
Splint|Splint_Applied|https://db.mydayz.eu/wp-content/uploads/2025/07/Splint_Applied.png|2|Medical|0
Splitting Axe|WoodAxe|https://db.mydayz.eu/wp-content/uploads/2025/08/WoodAxe.png|9|Blade|0
Sporter 22|Ruger1022|https://db.mydayz.eu/wp-content/uploads/2025/08/Ruger1022.png|0|Sub Machine Gun|0
Sportpoint Sights|SportingOptic|https://db.mydayz.eu/wp-content/uploads/2025/07/SportingOptic.png|10|Optics|0
Sports Shirt|ChernarusSportShirt|https://db.mydayz.eu/wp-content/uploads/2025/08/ChernarusSportShirt.png|11|Tops|0
Sprite|Sprite|https://db.mydayz.eu/wp-content/uploads/2025/08/Sprite.png|3|Drinks|1
SR25|SR25|https://db.mydayz.eu/wp-content/uploads/2025/08/SR25.png|0|DMR|1
SR25 15Rnd Mag|SR25-15Rnd-Mag|https://db.mydayz.eu/wp-content/uploads/2025/08/SR25-15Rnd-Mag.png|1|Magazine|1
SRS-A1|SRS-A1|https://db.mydayz.eu/wp-content/uploads/2025/08/SRS-A1.png|0|Bolt Action|1
SRS-A2|SRS-A2|https://db.mydayz.eu/wp-content/uploads/2025/08/SRS-A2.png|0|DMR|1
SRSA1 Magazine 5rnd|SRSA1-Magazine-5rnd|https://db.mydayz.eu/wp-content/uploads/2025/08/SRSA1-Magazine-5rnd.png|1|Magazine|1
SRSA2 Magazine 5 rnd|SRSA2-Magazine-5-rnd|https://db.mydayz.eu/wp-content/uploads/2025/08/SRSA2-Magazine-5-rnd.png|1|Magazine|1
SSG 82|SSG82|https://db.mydayz.eu/wp-content/uploads/2025/08/SSG82.png|0|Bolt Action|0
Stab Vest|PoliceVest|https://db.mydayz.eu/wp-content/uploads/2025/08/PoliceVest.png|11|Vests|0
Standardized Suppressor|M4_Suppressor|https://db.mydayz.eu/wp-content/uploads/2025/07/M4_Suppressor.png|10|Muzzle|0
Steak Knife|SteakKnife|https://db.mydayz.eu/wp-content/uploads/2025/07/SteakKnife.png|4|Tools|0
Steelhead Trout|SteelheadTrout|https://db.mydayz.eu/wp-content/uploads/2025/07/SteelheadTrout.png|3|Food|0
Steelhead Trout Fillet|SteelheadTroutFilletMeat|https://db.mydayz.eu/wp-content/uploads/2025/07/SteelheadTroutFilletMeat.png|3|Food|0
STG 44 Magazine 30rnd|STG-44-Magazine-30rnd|https://db.mydayz.eu/wp-content/uploads/2025/08/STG-44-Magazine-30rnd.png|1|Magazine|1
STG-44|STG-44|https://db.mydayz.eu/wp-content/uploads/2025/08/STG-44.png|0|Assault rifle|1
Stone Knife|StoneKnife|https://db.mydayz.eu/wp-content/uploads/2025/07/StoneKnife.png|4|Tools|0
Strawberry Jam|Marmalade|https://db.mydayz.eu/wp-content/uploads/2025/07/Marmalade.png|3|Food|0
Stun Baton|StunBaton|https://db.mydayz.eu/wp-content/uploads/2025/08/StunBaton.png|9|Powered|0
Suit Pants|SlacksPants_Black|https://db.mydayz.eu/wp-content/uploads/2025/08/SlacksPants_Black.png|11|Pants|0
Suomi DrumMag 80Rnd|Suomi-DrumMag-80Rnd|https://db.mydayz.eu/wp-content/uploads/2025/08/Suomi-DrumMag-80Rnd.png|1|Magazine|1
Suomi KP-31|Suomi-KP-31|https://db.mydayz.eu/wp-content/uploads/2025/08/Suomi-KP-31.png|0|Sub Machine Gun|1
Suomi Mag 40Rnd|Suomi-Mag-40Rnd|https://db.mydayz.eu/wp-content/uploads/2025/08/Suomi-Mag-40Rnd.png|1|Magazine|1
Surgical Gloves|SurgicalGloves_Green|https://db.mydayz.eu/wp-content/uploads/2025/07/SurgicalGloves_Green.png|11|Gloves|0
Surgical Mask|SurgicalMask|https://db.mydayz.eu/wp-content/uploads/2025/08/SurgicalMask.png|11|Masks|0
SVAL|ASVAL|https://db.mydayz.eu/wp-content/uploads/2025/08/ASVAL.png|0|Assault rifle|0
SVT-40|SVT-40|https://db.mydayz.eu/wp-content/uploads/2025/08/SVT-40.png|0|DMR|1
SVT-40 Bayonet|SVT-40-Bayonet|https://db.mydayz.eu/wp-content/uploads/2025/08/SVT-40-Bayonet.png|10|Muzzle|1
Sweater|Sweater_Green|https://db.mydayz.eu/wp-content/uploads/2025/08/Sweater_Green.png|11|Tops|0
Sword|Sword|https://db.mydayz.eu/wp-content/uploads/2025/08/Sword.png|9|Blade|0
Syringe|Syringe|https://db.mydayz.eu/wp-content/uploads/2025/07/Syringe.png|2|Medical|0
T-Shirt|TShirt_Black|https://db.mydayz.eu/wp-content/uploads/2025/08/TShirt_Black.png|11|Tops|0
Tactical Backpack|CoyoteBag_Green|https://db.mydayz.eu/wp-content/uploads/2025/08/CoyoteBag_Green.png|4|Backpacks|0
Tactical Belt|MilitaryBelt|https://db.mydayz.eu/wp-content/uploads/2025/07/MilitaryBelt.png|11|Belts|0
Tactical Gloves|TacticalGloves_Black|https://db.mydayz.eu/wp-content/uploads/2025/07/TacticalGloves_Black.png|11|Gloves|0
Tactical Goggles|TacticalGoggles|https://db.mydayz.eu/wp-content/uploads/2025/08/TacticalGoggles.png|11|Glasses|0
Tactical GPS Receiver|Tactical-GPS-Receiver|https://db.mydayz.eu/wp-content/uploads/2025/08/Tactical-GPS-Receiver.png|4|Navigation|1
Tactical Helmet|Mich2001Helmet|https://db.mydayz.eu/wp-content/uploads/2025/08/Mich2001Helmet.png|11|Headgear|0
Tactical Shirt|TacticalShirt_Black|https://db.mydayz.eu/wp-content/uploads/2025/08/TacticalShirt_Black.png|11|Tops|0
Tactical Vest|HighCapacityVest_Black|https://db.mydayz.eu/wp-content/uploads/2025/08/HighCapacityVest_Black.png|11|Vests|0
Tanker Helmet|TankerHelmet|https://db.mydayz.eu/wp-content/uploads/2025/08/TankerHelmet.png|11|Headgear|0
Tanned Leather|TannedLeather|https://db.mydayz.eu/wp-content/uploads/2025/07/TannedLeather.png|4|Consumables|0
Tarp|Tarp|https://db.mydayz.eu/wp-content/uploads/2025/07/Tarp.webp|4|Camping|0
Tarp Shelter|Tarp-Shelter|https://db.mydayz.eu/wp-content/uploads/2025/07/Tarp-Shelter.png|4|Camping|0
Taxi light bar for Mercedes 250|Taxi-light-bar-for-Mercedes-250|https://db.mydayz.eu/wp-content/uploads/2025/08/Taxi-light-bar-for-Mercedes-250.png|7|Vehicle Parts|1
Teddy Bear|Bear_Beige|https://db.mydayz.eu/wp-content/uploads/2025/07/Bear_Beige.png|4|Containers|0
Teddy Bear|Bear_Dark|https://db.mydayz.eu/wp-content/uploads/2025/07/Bear_Dark.png|4|Containers|0
Telnyashka|TelnyashkaShirt|https://db.mydayz.eu/wp-content/uploads/2025/08/TelnyashkaShirt.png|11|Tops|0
Tetracycline Pills|TetracyclineAntibiotics|https://db.mydayz.eu/wp-content/uploads/2025/07/TetracyclineAntibiotics.png|2|Medical|0
Thompson M1|Thompson-M1|https://db.mydayz.eu/wp-content/uploads/2025/08/Thompson-M1.png|0|Sub Machine Gun|1
Thompson Magazine 30Rnd|Thompson-Magazine-30Rnd|https://db.mydayz.eu/wp-content/uploads/2025/08/Thompson-Magazine-30Rnd.png|1|Magazine|1
Tire Iron|LugWrench|https://db.mydayz.eu/wp-content/uploads/2025/07/LugWrench.png|4|Tools|0
Tire Repair Kit|TireRepairKit|https://db.mydayz.eu/wp-content/uploads/2025/07/TireRepairKit.png|7|Parts|0
Tomato|Tomato|https://db.mydayz.eu/wp-content/uploads/2025/07/Tomato.png|3|Food|0
Tomato Plant|Plant_Tomato|https://db.mydayz.eu/wp-content/uploads/2025/08/Plant_Tomato.png|5|Cultivation|0
Tomato Seeds|Tomato-Seeds|https://db.mydayz.eu/wp-content/uploads/2025/08/Tomato-Seeds.png|5|Cultivation|0
Torch|Torch|https://db.mydayz.eu/wp-content/uploads/2025/08/Torch.png|5|Crafting|0
Tourist Map|ChernarusMap|https://db.mydayz.eu/wp-content/uploads/2025/07/ChernarusMap.png|4|Navigation|0
Toyota Hilux Hood|Toyota-Hilux-Hood|https://db.mydayz.eu/wp-content/uploads/2025/08/Toyota-Hilux-Hood.png|7|Vehicle Parts|1
Toyota Hilux Left Door|Toyota-Hilux-Left-Door|https://db.mydayz.eu/wp-content/uploads/2025/08/Toyota-Hilux-Left-Door.png|7|Vehicle Parts|1
Toyota Hilux Right Door|Toyota-Hilux-Right-Door|https://db.mydayz.eu/wp-content/uploads/2025/08/Toyota-Hilux-Right-Door.png|7|Vehicle Parts|1
Toyota Hilux Trunk|Toyota-Hilux-Trunk|https://db.mydayz.eu/wp-content/uploads/2025/08/Toyota-Hilux-Trunk.png|7|Vehicle Parts|1
Toyota Hilux Wheel|Toyota-Hilux-Wheel|https://db.mydayz.eu/wp-content/uploads/2025/08/Toyota-Hilux-Wheel.png|7|Vehicle Parts|1
Tracksuit Jacket|TrackSuitJacket_Black|https://db.mydayz.eu/wp-content/uploads/2025/08/TrackSuitJacket_Black.png|11|Tops|0
Tracksuit Pants|TrackSuitPants_Black|https://db.mydayz.eu/wp-content/uploads/2025/08/TrackSuitPants_Black.png|11|Pants|0
Trail Shoes|HikingBootsLow_Black|https://db.mydayz.eu/wp-content/uploads/2025/08/HikingBootsLow_Black.png|11|Shoes|0
Trijicon MRO Reflex Sight|Trijicon-MRO-Reflex-Sight|https://db.mydayz.eu/wp-content/uploads/2025/08/Trijicon-MRO-Reflex-Sight.png|10|Optics|1
Tripwire|TripwireTrap|https://db.mydayz.eu/wp-content/uploads/2025/08/TripwireTrap.png|4|Traps|0
Truck Battery|TruckBattery|https://db.mydayz.eu/wp-content/uploads/2025/07/TruckBattery.png|7|Parts|0
UAZ-452|UAZ-452|https://db.mydayz.eu/wp-content/uploads/2025/08/UAZ-452.png|6|Wheeled|1
UAZ-452 Co-driver Door|UAZ-452-Co-driver-Door|https://db.mydayz.eu/wp-content/uploads/2025/08/UAZ-452-Co-driver-Door.png|7|Vehicle Parts|1
UAZ-452 Driver Door|UAZ-452-Driver-Door|https://db.mydayz.eu/wp-content/uploads/2025/08/UAZ-452-Driver-Door.png|7|Vehicle Parts|1
UAZ-452 Left Rear Door|UAZ-452-Left-Rear-Door|https://db.mydayz.eu/wp-content/uploads/2025/08/UAZ-452-Left-Rear-Door.png|7|Vehicle Parts|1
UAZ-452 Right Rear Door|UAZ-452-Right-Rear-Door|https://db.mydayz.eu/wp-content/uploads/2025/08/UAZ-452-Right-Rear-Door.png|7|Vehicle Parts|1
UAZ-452 Side Door|UAZ-452-Side-Door|https://db.mydayz.eu/wp-content/uploads/2025/08/UAZ-452-Side-Door.png|7|Vehicle Parts|1
Universal Flashlight|UniversalLight|https://db.mydayz.eu/wp-content/uploads/2025/07/UniversalLight.png|10|Light|0
Unknown Food Can|UnknownFoodCan|https://db.mydayz.eu/wp-content/uploads/2025/07/UnknownFoodCan.png|3|Food|0
USG-45|UMP45|https://db.mydayz.eu/wp-content/uploads/2025/08/UMP45.png|0|Sub Machine Gun|0
Ushanka|Ushanka_Black|https://db.mydayz.eu/wp-content/uploads/2025/08/Ushanka_Black.png|11|Headgear|0
Utility Buttpack|SmershBag|https://db.mydayz.eu/wp-content/uploads/2025/07/SmershBag.png|4|Backpacks|0
Vaiga|Saiga|https://db.mydayz.eu/wp-content/uploads/2025/08/Saiga.png|0|Shotguns|0
Vaiga Lightweight Buttstock|Saiga_Bttstck|https://db.mydayz.eu/wp-content/uploads/2025/07/Saiga_Bttstck.png|10|Support|0
Vector Mag 40Rnd|Vector-Mag-40Rnd|https://db.mydayz.eu/wp-content/uploads/2025/08/Vector-Mag-40Rnd.png|1|Magazine|1
Venison Steak|DeerSteakMeat|https://db.mydayz.eu/wp-content/uploads/2025/07/DeerSteakMeat.png|3|Food|0
Vikhr|Vikhr|https://db.mydayz.eu/wp-content/uploads/2025/08/Vikhr.png|0|Assault rifle|0
VR80|VR80|https://db.mydayz.eu/wp-content/uploads/2025/08/VR80.png|0|Shotguns|1
VR80 Magazine 10 rnds|VR80-Magazine-10-rnds|https://db.mydayz.eu/wp-content/uploads/2025/08/VR80-Magazine-10-rnds.png|1|Magazine|1
VR80 Magazine 5 rnds|VR80-Magazine-5-rnds|https://db.mydayz.eu/wp-content/uploads/2025/08/VR80-Magazine-5-rnds.png|1|Magazine|1
VS-89|SV98|https://db.mydayz.eu/wp-content/uploads/2025/08/SV98.png|0|Bolt Action|0
VSD|SVD|https://db.mydayz.eu/wp-content/uploads/2025/08/SVD.png|0|DMR|0
VSS|VSS|https://db.mydayz.eu/wp-content/uploads/2025/08/VSS.png|0|DMR|0
Walleye Pollock|Walleye-Pollock|https://db.mydayz.eu/wp-content/uploads/2025/07/Walleye-Pollock.png|3|Food|0
Walleye Pollock Fillet|Walleye-Pollock-Fillet|https://db.mydayz.eu/wp-content/uploads/2025/07/Walleye-Pollock-Fillet.png|3|Food|0
Watchtower|Watchtower|https://db.mydayz.eu/wp-content/uploads/2025/07/Watchtower.png|4|Camping|0
Watchtower Kit|WatchtowerKit|https://db.mydayz.eu/wp-content/uploads/2025/07/WatchtowerKit.png|4|Camping|0
Welding Mask|WeldingMask|https://db.mydayz.eu/wp-content/uploads/2025/08/WeldingMask.png|11|Headgear|0
Wellies|Wellies_Black|https://db.mydayz.eu/wp-content/uploads/2025/08/Wellies_Black.png|11|Shoes|0
Winter Coif|WinterCoif_Black|https://db.mydayz.eu/wp-content/uploads/2025/08/WinterCoif_Black.png|11|Headgear|0
Wire Mesh Barrier|Wire-Mesh-Barrier|https://db.mydayz.eu/wp-content/uploads/2025/07/Wire-Mesh-Barrier.png|4|Camping|0
Witch Hat|WitchHat|https://db.mydayz.eu/wp-content/uploads/2025/08/WitchHat.png|11|Headgear|0
Witch Hood|WitchHood_Black|https://db.mydayz.eu/wp-content/uploads/2025/08/WitchHood_Black.png|11|Headgear|0
Wolf Mask|PaydayMask_Wolf|https://db.mydayz.eu/wp-content/uploads/2025/08/PaydayMask_Wolf.png|11|Masks|0
Wolf Pelt|Wolf-Pelt|https://db.mydayz.eu/wp-content/uploads/2025/07/Wolf-Pelt.png|4|Consumables|0
Wolf Steak|WolfSteakMeat|https://db.mydayz.eu/wp-content/uploads/2025/07/WolfSteakMeat.png|3|Food|0
Womens Suit Jacket|WomanSuit_Black|https://db.mydayz.eu/wp-content/uploads/2025/08/WomanSuit_Black.png|11|Tops|0
Wood Ear|AuriculariaMushroom|https://db.mydayz.eu/wp-content/uploads/2025/07/AuriculariaMushroom.png|3|Food|0
Wooden Crate|WoodenCrate|https://db.mydayz.eu/wp-content/uploads/2025/07/WoodenCrate.png|4|Camping|0
Wooden Fishing Hook|WoodenHook|https://db.mydayz.eu/wp-content/uploads/2025/07/WoodenHook.png|4|Consumables|0
Wooden Log|WoodenLog|https://db.mydayz.eu/wp-content/uploads/2025/07/WoodenLog.png|4|Consumables|0
Wool Gloves|WoolGloves_Black|https://db.mydayz.eu/wp-content/uploads/2025/07/WoolGloves_Black.png|11|Gloves|0
Working Boots|WorkingBoots_Green|https://db.mydayz.eu/wp-content/uploads/2025/08/WorkingBoots_Green.png|11|Shoes|0
Working Gloves|WorkingGloves_Black|https://db.mydayz.eu/wp-content/uploads/2025/07/WorkingGloves_Black.png|11|Gloves|0
Wrench|Wrench|https://db.mydayz.eu/wp-content/uploads/2025/07/Wrench.png|4|Tools|0
X Products X-25 50 Rounds Drum|X-Products-X-25-50-Rounds-Drum|https://db.mydayz.eu/wp-content/uploads/2025/08/X-Products-X-25-50-Rounds-Drum.png|1|Magazine|1
Xmas Lights|XmasLights|https://db.mydayz.eu/wp-content/uploads/2025/07/XmasLights.png|4|Camping|0
Yellowfoot Mushroom|CraterellusMushroom|https://db.mydayz.eu/wp-content/uploads/2025/07/CraterellusMushroom.png|3|Food|0
Zagorky|Zagorky|https://db.mydayz.eu/wp-content/uploads/2025/07/Zagorky.png|3|Food|0
Zagorky Chocolate|ZagorkyChocolate|https://db.mydayz.eu/wp-content/uploads/2025/07/ZagorkyChocolate.png|3|Food|0
Zagorky Peanuts|ZagorkyPeanuts|https://db.mydayz.eu/wp-content/uploads/2025/07/ZagorkyPeanuts.png|3|Food|0
Zmiovka|ZmijovkaCap_Black|https://db.mydayz.eu/wp-content/uploads/2025/08/ZmijovkaCap_Black.png|11|Headgear|0
Zucchini|Zucchini|https://db.mydayz.eu/wp-content/uploads/2025/07/Zucchini.png|3|Food|0
Zucchini Plant|Zucchini-Plant|https://db.mydayz.eu/wp-content/uploads/2025/08/Zucchini-Plant.png|5|Cultivation|0
Zucchini Seeds|Zucchini-Seeds|https://db.mydayz.eu/wp-content/uploads/2025/08/Zucchini-Seeds.png|5|Cultivation|0
